Trip UUID,Driver UUID,Driver first name,Driver surname,Vehicle UUID,Number plate,Service type,Trip request time,Trip drop-off time,Pick-up address,Drop-off address,Trip distance,Trip status,Product type,Final rider fare
TRIP_F3E2E834,DRIVER_53486BE1,ANON,DRIVER,VEH_BF394125,VEH_861A16,personal_transport,2025-07-01 03:55:27,,Zone_India,Zone_India,0.0,rider_cancelled,UberGo,0.0
TRIP_0364E6B5,DRIVER_62E7816B,ANON,DRIVER,VEH_3792F908,VEH_495A70,personal_transport,2025-07-01 03:54:27,2025-07-01 04:14:06,Zone_India,Zone_India,7.18,completed,UberGo,162.29
TRIP_A9B7F202,DRIVER_53486BE1,ANON,DRIVER,VEH_BF394125,VEH_861A16,personal_transport,2025-07-01 03:24:02,2025-07-01 03:57:00,Zone_India,Zone_India,17.78,completed,UberGo,269.93
TRIP_0D8C30CE,DRIVER_227504CD,ANON,DRIVER,VEH_8C88662C,VEH_69098E,personal_transport,2025-07-01 03:20:00,2025-07-01 04:07:13,Zone_India_Metro,Zone_India,25.19,completed,UberGo,565.74
TRIP_1AEA9C69,DRIVER_5E96FEA8,ANON,DRIVER,VEH_F4632C24,VEH_F612D8,personal_transport,2025-07-01 03:18:54,2025-07-01 03:52:59,Zone_India,Zone_India,14.12,completed,UberX+,452.33
TRIP_D55A5EB4,DRIVER_8AE7BC26,ANON,DRIVER,VEH_B6363F45,VEH_AEF686,personal_transport,2025-07-01 03:11:16,2025-07-01 03:40:03,Zone_India,Zone_India,8.06,completed,UberGo,169.99
TRIP_F48BDEE9,DRIVER_9ED6169B,ANON,DRIVER,VEH_6EF8F5C0,VEH_A899D9,personal_transport,2025-07-01 03:00:00,2025-07-01 03:32:14,Zone_India,Zone_India,16.82,completed,UberGo,447.37
TRIP_1FC96C76,DRIVER_8AE7BC26,ANON,DRIVER,VEH_B6363F45,VEH_AEF686,personal_transport,2025-07-01 02:49:18,2025-07-01 03:14:25,Zone_India,Zone_India,11.0,completed,UberGo,209.91
TRIP_FA100821,DRIVER_5E96FEA8,ANON,DRIVER,VEH_F4632C24,VEH_F612D8,personal_transport,2025-07-01 02:38:35,2025-07-01 03:15:55,Zone_India,Zone_India,15.99,completed,UberGo,527.43
TRIP_8086C4C8,DRIVER_76DD6C42,ANON,DRIVER,VEH_7FD9BBD5,VEH_1078A8,personal_transport,2025-07-01 02:35:23,,Zone_India_Metro,Zone_India_Metro,0.0,rider_cancelled,UberGo,0.0
TRIP_2CEF9054,DRIVER_227504CD,ANON,DRIVER,VEH_8C88662C,VEH_69098E,personal_transport,2025-07-01 02:34:05,2025-07-01 02:54:18,Zone_PIN_600048,Zone_India,5.44,completed,UberX+,186.82
TRIP_7BAC7C9A,DRIVER_5E96FEA8,ANON,DRIVER,VEH_F4632C24,VEH_F612D8,personal_transport,2025-07-01 02:23:32,,Zone_India,Zone_India,0.0,rider_cancelled,UberGo,15.8
TRIP_EDFEAB67,DRIVER_8AE7BC26,ANON,DRIVER,VEH_B6363F45,VEH_AEF686,personal_transport,2025-07-01 02:07:31,,Zone_India,Zone_India,0.0,rider_cancelled,UberGo,0.0
TRIP_268D8447,DRIVER_76DD6C42,ANON,DRIVER,VEH_7FD9BBD5,VEH_1078A8,personal_transport,2025-07-01 02:05:22,,Zone_India_Metro,Zone_India_Metro,0.0,rider_cancelled,UberGo,0.0
TRIP_32FFC777,DRIVER_5E96FEA8,ANON,DRIVER,VEH_F4632C24,VEH_F612D8,personal_transport,2025-07-01 01:51:08,,Zone_India,Zone_India,0.0,driver_cancelled,UberGo,15.8
TRIP_B033BE7F,DRIVER_5351FC57,ANON,DRIVER,VEH_B0E41790,VEH_BFE633,personal_transport,2025-07-01 01:41:50,2025-07-01 02:26:35,Zone_India,Zone_India,20.02,completed,UberGo,279.97
TRIP_0935C5A0,DRIVER_76DD6C42,ANON,DRIVER,VEH_7FD9BBD5,VEH_1078A8,personal_transport,2025-07-01 01:40:15,,Zone_India_Metro,Zone_India_Metro,0.0,rider_cancelled,UberGo,24.35
TRIP_C1CF0AC0,DRIVER_AC44C705,ANON,DRIVER,VEH_FC56B5EC,VEH_98B383,personal_transport,2025-07-01 01:18:32,2025-07-01 01:51:42,Zone_India_Metro,Zone_India,13.33,completed,UberGo,231.94
TRIP_DE64869D,DRIVER_AC44C705,ANON,DRIVER,VEH_FC56B5EC,VEH_98B383,personal_transport,2025-07-01 01:17:45,,Zone_India_Metro,Zone_India_Metro,0.0,rider_cancelled,UberGo,0.0
TRIP_04CF5923,DRIVER_AC44C705,ANON,DRIVER,VEH_FC56B5EC,VEH_98B383,personal_transport,2025-07-01 01:16:58,,Zone_India_Metro,Zone_India_Metro,0.0,rider_cancelled,UberGo,0.0
TRIP_F6B671D1,DRIVER_9ED6169B,ANON,DRIVER,VEH_6EF8F5C0,VEH_A899D9,personal_transport,2025-07-01 01:16:38,,Zone_India,Zone_India,0.0,rider_cancelled,UberGo,0.0
TRIP_65183900,DRIVER_AC44C705,ANON,DRIVER,VEH_FC56B5EC,VEH_98B383,personal_transport,2025-07-01 01:16:12,,Zone_India_Metro,Zone_India_Metro,0.0,rider_cancelled,UberGo,0.0
TRIP_A6C09894,DRIVER_AC44C705,ANON,DRIVER,VEH_FC56B5EC,VEH_98B383,personal_transport,2025-07-01 01:15:33,,Zone_India_Metro,Zone_India_Metro,0.0,rider_cancelled,UberGo,0.0
TRIP_F80EF1FF,DRIVER_AC44C705,ANON,DRIVER,VEH_FC56B5EC,VEH_98B383,personal_transport,2025-07-01 01:14:55,,Zone_India_Metro,Zone_India_Metro,0.0,rider_cancelled,UberGo,0.0
TRIP_0678D731,DRIVER_5351FC57,ANON,DRIVER,VEH_B0E41790,VEH_BFE633,personal_transport,2025-07-01 01:13:09,2025-07-01 01:43:44,Zone_India,Zone_India,18.67,completed,UberGo,269.95
TRIP_CF8F7E11,DRIVER_62E7816B,ANON,DRIVER,VEH_3792F908,VEH_495A70,personal_transport,2025-07-01 01:02:06,2025-07-01 01:34:39,Zone_India,Zone_India,16.07,completed,UberGo,174.53
TRIP_E3086751,DRIVER_4022EEA9,ANON,DRIVER,VEH_A14A416A,VEH_FABFDC,personal_transport,2025-07-01 01:01:06,2025-07-01 01:18:10,Zone_India,Zone_India,4.1,completed,UberGo,119.99
TRIP_40D76D93,DRIVER_227504CD,ANON,DRIVER,VEH_8C88662C,VEH_69098E,personal_transport,2025-07-01 00:59:23,,Zone_India_Metro,Zone_India_Metro,0.0,rider_cancelled,UberX+,0.0
TRIP_049F782B,DRIVER_227504CD,ANON,DRIVER,VEH_8C88662C,VEH_69098E,personal_transport,2025-07-01 00:54:30,,Zone_India_Metro,Zone_India_Metro,0.0,rider_cancelled,UberGo,0.0
TRIP_22744F5A,DRIVER_5351FC57,ANON,DRIVER,VEH_B0E41790,VEH_BFE633,personal_transport,2025-07-01 00:52:46,,Zone_India,Zone_India,0.0,rider_cancelled,UberGo,0.0
TRIP_ACFB2828,DRIVER_4022EEA9,ANON,DRIVER,VEH_A14A416A,VEH_FABFDC,personal_transport,2025-07-01 00:46:23,,Zone_India,Zone_India,0.0,rider_cancelled,UberGo,0.0
TRIP_B34E6271,DRIVER_F93E6661,ANON,DRIVER,VEH_B9F9CD1E,VEH_1410DD,personal_transport,2025-07-01 00:38:38,2025-07-01 00:56:32,Zone_India,Zone_India,4.91,completed,UberGo,129.92
TRIP_964DA4D1,DRIVER_8AE7BC26,ANON,DRIVER,VEH_B6363F45,VEH_AEF686,personal_transport,2025-07-01 00:35:45,2025-07-01 01:36:10,Zone_India,Zone_India_Metro,36.98,completed,UberGo,374.98
TRIP_F417988C,DRIVER_53486BE1,ANON,DRIVER,VEH_BF394125,VEH_861A16,personal_transport,2025-07-01 00:22:48,2025-07-01 00:41:20,Zone_India,Zone_India,6.35,completed,UberGo,159.98
TRIP_22A2293C,DRIVER_8AE7BC26,ANON,DRIVER,VEH_B6363F45,VEH_AEF686,personal_transport,2025-07-01 00:12:21,,Zone_India,Zone_India,0.0,rider_cancelled,UberGo,0.0
TRIP_0663C112,DRIVER_8003FF9A,ANON,DRIVER,VEH_B0A9CF7E,VEH_26BCB3,personal_transport,2025-07-01 00:08:08,2025-07-01 00:40:50,Zone_India,Zone_India,18.94,completed,UberGo,279.93
TRIP_D2B1F70A,DRIVER_9ED6169B,ANON,DRIVER,VEH_6EF8F5C0,VEH_A899D9,personal_transport,2025-07-01 00:07:24,2025-07-01 01:02:46,Zone_India,Zone_Avadi,27.2,completed,UberGo,739.95
TRIP_7863806C,DRIVER_F93E6661,ANON,DRIVER,VEH_B9F9CD1E,VEH_1410DD,personal_transport,2025-07-01 00:01:05,2025-07-01 00:24:49,Zone_India,Zone_India,6.88,completed,UberGo,147.16
TRIP_956891CB,DRIVER_DED6E08E,ANON,DRIVER,VEH_64CF6C0F,VEH_FD00AF,personal_transport,2025-06-30 23:56:26,2025-07-01 00:09:13,Zone_India_Metro,Zone_India,1.8,completed,UberX+,146.45
TRIP_460532FA,DRIVER_5E96FEA8,ANON,DRIVER,VEH_F4632C24,VEH_F612D8,personal_transport,2025-06-30 23:54:53,,Zone_India,Zone_India,0.0,rider_cancelled,UberX+,0.0
TRIP_6499CE6D,DRIVER_C0FAA4A1,ANON,DRIVER,VEH_71BF26EC,VEH_AF54F2,personal_transport,2025-06-30 23:48:31,2025-07-01 00:38:58,Zone_India,Zone_India_Metro,29.91,completed,UberGo,536.45
TRIP_3EFC451D,DRIVER_227504CD,ANON,DRIVER,VEH_8C88662C,VEH_69098E,personal_transport,2025-06-30 23:39:57,2025-07-01 00:08:33,Zone_India,Zone_India,16.12,completed,UberGo,249.95
TRIP_6F8AEA6F,DRIVER_CBCDF839,ANON,DRIVER,VEH_C2CB32D6,VEH_4DAA31,personal_transport,2025-06-30 23:36:16,2025-07-01 00:15:32,Zone_India,Zone_India,10.14,completed,UberGo,344.86
TRIP_816EA0E2,DRIVER_C0FAA4A1,ANON,DRIVER,VEH_71BF26EC,VEH_AF54F2,personal_transport,2025-06-30 23:36:07,,Zone_India,Zone_India,0.0,rider_cancelled,UberGo,0.0
TRIP_DA9E46BD,DRIVER_5351FC57,ANON,DRIVER,VEH_B0E41790,VEH_BFE633,personal_transport,2025-06-30 23:30:49,2025-07-01 00:30:56,Zone_India,Zone_India,28.31,completed,UberGo,469.93
TRIP_17506FAF,DRIVER_53486BE1,ANON,DRIVER,VEH_BF394125,VEH_861A16,personal_transport,2025-06-30 23:28:43,2025-07-01 00:13:05,Zone_India,Zone_India,24.49,completed,UberGo,500.2
TRIP_A03518C6,DRIVER_227504CD,ANON,DRIVER,VEH_8C88662C,VEH_69098E,personal_transport,2025-06-30 23:27:08,,Zone_India,Zone_India,0.0,rider_cancelled,UberGo,32.46
TRIP_F9494871,DRIVER_381FACA9,ANON,DRIVER,VEH_171B5FC4,VEH_02F4D4,personal_transport,2025-06-30 23:25:01,2025-06-30 23:51:39,Zone_India,Zone_India,6.56,completed,UberGo,279.91
TRIP_4912B4CB,DRIVER_2837996E,ANON,DRIVER,VEH_F076B161,VEH_EDA8C2,personal_transport,2025-06-30 23:14:16,2025-06-30 23:36:05,Zone_India,Zone_India,4.92,completed,UberGo,119.94
TRIP_C6893075,DRIVER_AC44C705,ANON,DRIVER,VEH_FC56B5EC,VEH_98B383,personal_transport,2025-06-30 23:11:21,2025-07-01 00:06:55,Zone_India,Zone_Kelambakkam,30.22,completed,UberGo,499.99
TRIP_C9F4AFCB,DRIVER_2837996E,ANON,DRIVER,VEH_F076B161,VEH_EDA8C2,personal_transport,2025-06-30 23:04:30,,Zone_India,Zone_India,0.0,rider_cancelled,UberGo,0.0
TRIP_8BAC1717,DRIVER_4022EEA9,ANON,DRIVER,VEH_A14A416A,VEH_FABFDC,personal_transport,2025-06-30 23:03:11,2025-06-30 23:48:18,Zone_India,Zone_Avadi,19.42,completed,UberGo,289.93
TRIP_838DA234,DRIVER_381FACA9,ANON,DRIVER,VEH_171B5FC4,VEH_02F4D4,personal_transport,2025-06-30 22:56:36,,Zone_India,Zone_India,0.0,rider_cancelled,UberGo,0.0
TRIP_CF176A5E,DRIVER_5AA8FDB7,ANON,DRIVER,VEH_1FA023BA,VEH_24FFE3,personal_transport,2025-06-30 22:55:49,2025-06-30 23:22:53,Zone_India,Zone_India,9.56,completed,UberGo,146.08
TRIP_1E9246C8,DRIVER_5332CF96,ANON,DRIVER,VEH_3A986979,VEH_08578E,personal_transport,2025-06-30 22:52:04,2025-06-30 23:19:20,Zone_India,Zone_India,7.98,completed,UberGo,189.93
TRIP_F604263C,DRIVER_D564BA74,ANON,DRIVER,VEH_EA0B1187,VEH_5E5D79,personal_transport,2025-06-30 22:45:51,2025-07-01 00:01:23,Zone_India,Zone_India,27.68,completed,UberGo,479.69
TRIP_323FEB39,DRIVER_5AA8FDB7,ANON,DRIVER,VEH_1FA023BA,VEH_24FFE3,personal_transport,2025-06-30 22:44:03,,Zone_India,Zone_India,0.0,rider_cancelled,UberGo,63.2
TRIP_CBF8C462,DRIVER_CBCDF839,ANON,DRIVER,VEH_C2CB32D6,VEH_4DAA31,personal_transport,2025-06-30 22:41:54,2025-06-30 23:23:46,Zone_India,Zone_India,17.71,completed,UberGo,279.95
TRIP_1A60D981,DRIVER_62E7816B,ANON,DRIVER,VEH_3792F908,VEH_495A70,personal_transport,2025-06-30 22:40:55,2025-06-30 23:34:21,Zone_India,Zone_India,18.38,completed,UberGo,509.9
TRIP_487C4403,DRIVER_AC44C705,ANON,DRIVER,VEH_FC56B5EC,VEH_98B383,personal_transport,2025-06-30 22:38:52,2025-06-30 22:57:20,Zone_India,Zone_India,2.9,completed,UberGo,199.96
TRIP_08C23341,DRIVER_5332CF96,ANON,DRIVER,VEH_3A986979,VEH_08578E,personal_transport,2025-06-30 22:38:42,2025-06-30 23:04:25,Zone_India,Zone_India,7.97,completed,UberGo,159.97
TRIP_E1DD9B93,DRIVER_D429B594,ANON,DRIVER,VEH_71082EF0,VEH_5F413F,personal_transport,2025-06-30 22:35:40,,Zone_India,Zone_India,0.0,driver_cancelled,UberGo,15.8
TRIP_A418A5A7,DRIVER_2837996E,ANON,DRIVER,VEH_F076B161,VEH_EDA8C2,personal_transport,2025-06-30 22:25:40,2025-06-30 23:07:34,Zone_India,Zone_India,13.48,completed,UberGo,389.96
TRIP_8DB731B2,DRIVER_F93E6661,ANON,DRIVER,VEH_B9F9CD1E,VEH_1410DD,personal_transport,2025-06-30 22:24:45,2025-06-30 23:11:32,Zone_India,Zone_India,12.56,completed,UberGo,204.38
TRIP_55B7AC05,DRIVER_5351FC57,ANON,DRIVER,VEH_B0E41790,VEH_BFE633,personal_transport,2025-06-30 22:24:01,2025-06-30 23:10:52,Zone_India,Zone_India,17.28,completed,UberGo,319.94
TRIP_568B0774,DRIVER_D429B594,ANON,DRIVER,VEH_71082EF0,VEH_5F413F,personal_transport,2025-06-30 22:21:28,,Zone_India,Zone_India,0.0,driver_cancelled,UberGo,37.51
TRIP_321B640D,DRIVER_2837996E,ANON,DRIVER,VEH_F076B161,VEH_EDA8C2,personal_transport,2025-06-30 22:13:44,,Zone_India,Zone_India,0.0,rider_cancelled,UberGo,46.23
TRIP_F6FDF842,DRIVER_76DD6C42,ANON,DRIVER,VEH_7FD9BBD5,VEH_1078A8,personal_transport,2025-06-30 22:08:47,2025-06-30 22:42:36,Zone_India_Metro,Zone_Porur,20.38,completed,UberGo,299.97
TRIP_9DD32FD2,DRIVER_62E7816B,ANON,DRIVER,VEH_3792F908,VEH_495A70,personal_transport,2025-06-30 22:07:56,2025-06-30 22:40:25,Zone_India,Zone_India,5.72,completed,UberGo,127.02
TRIP_CED23E9B,DRIVER_8AE7BC26,ANON,DRIVER,VEH_B6363F45,VEH_AEF686,personal_transport,2025-06-30 22:06:42,2025-06-30 22:41:44,Zone_India,Zone_Avadi,12.65,completed,UberGo,208.46
TRIP_D4CC132C,DRIVER_AC44C705,ANON,DRIVER,VEH_FC56B5EC,VEH_98B383,personal_transport,2025-06-30 22:00:39,2025-06-30 22:32:06,Zone_India,Zone_India,16.15,completed,UberGo,249.93
TRIP_B4E02B77,DRIVER_D564BA74,ANON,DRIVER,VEH_EA0B1187,VEH_5E5D79,personal_transport,2025-06-30 21:59:51,2025-06-30 22:44:27,Zone_India,Zone_India,11.95,completed,UberGo,319.93
TRIP_34AEE1FF,DRIVER_01919098,ANON,DRIVER,VEH_5F4B7EDF,VEH_298C28,personal_transport,2025-06-30 21:57:33,,Zone_India,Zone_India,0.0,rider_cancelled,UberGo,0.0
TRIP_E95E2673,DRIVER_5E96FEA8,ANON,DRIVER,VEH_F4632C24,VEH_F612D8,personal_transport,2025-06-30 21:56:17,2025-06-30 22:41:58,Zone_India,Zone_India,18.74,completed,UberGo,329.93
TRIP_8BE97CAF,DRIVER_A1423F2E,ANON,DRIVER,VEH_FD689D5A,VEH_CEFAB8,personal_transport,2025-06-30 21:55:50,2025-06-30 23:05:33,Zone_India,Zone_India,19.39,completed,UberGo,352.14
TRIP_969C7A98,DRIVER_B5A19F5F,ANON,DRIVER,VEH_EBA0547C,VEH_0A3DB8,personal_transport,2025-06-30 21:53:58,,Zone_India,Zone_India,0.0,rider_cancelled,UberGo,0.0
TRIP_5690B336,DRIVER_381FACA9,ANON,DRIVER,VEH_171B5FC4,VEH_02F4D4,personal_transport,2025-06-30 21:53:18,2025-06-30 22:40:37,Zone_India,Zone_India,11.15,completed,UberGo,279.94
TRIP_DBD2A1AB,DRIVER_4022EEA9,ANON,DRIVER,VEH_A14A416A,VEH_FABFDC,personal_transport,2025-06-30 21:48:59,2025-06-30 22:37:07,Zone_India,Zone_PIN_600052,17.78,completed,UberGo,319.97
TRIP_5D3EC06F,DRIVER_B5A19F5F,ANON,DRIVER,VEH_EBA0547C,VEH_0A3DB8,personal_transport,2025-06-30 21:48:12,,Zone_India,Zone_India,0.0,rider_cancelled,UberGo,0.0
TRIP_4C6651DB,DRIVER_049F569A,ANON,DRIVER,VEH_2815A2B0,VEH_6F388D,personal_transport,2025-06-30 21:43:07,2025-06-30 22:55:03,Zone_India,Zone_India,23.09,completed,UberGo,458.73
TRIP_ABB0F1AF,DRIVER_8003FF9A,ANON,DRIVER,VEH_B0A9CF7E,VEH_26BCB3,personal_transport,2025-06-30 21:41:28,,Zone_India,Zone_India,0.0,rider_cancelled,UberGo,0.0
TRIP_897547E2,DRIVER_8003FF9A,ANON,DRIVER,VEH_B0A9CF7E,VEH_26BCB3,personal_transport,2025-06-30 21:39:35,2025-06-30 22:38:56,Zone_India,Zone_India,14.23,completed,UberGo,339.92
TRIP_E18DBD8B,DRIVER_5332CF96,ANON,DRIVER,VEH_3A986979,VEH_08578E,personal_transport,2025-06-30 21:32:10,2025-06-30 22:06:47,Zone_India,Zone_India,10.22,completed,UberGo,219.95
TRIP_2A801539,DRIVER_62E7816B,ANON,DRIVER,VEH_3792F908,VEH_495A70,personal_transport,2025-06-30 21:29:19,2025-06-30 21:50:24,Zone_India,Zone_India,3.65,completed,UberGo,129.96
TRIP_138FEB7B,DRIVER_2837996E,ANON,DRIVER,VEH_F076B161,VEH_EDA8C2,personal_transport,2025-06-30 21:26:57,2025-06-30 22:03:59,Zone_India,Zone_India,8.75,completed,UberGo,229.98
TRIP_90DDBF33,DRIVER_D429B594,ANON,DRIVER,VEH_71082EF0,VEH_5F413F,personal_transport,2025-06-30 21:22:56,2025-06-30 22:35:58,Zone_India,Zone_India,25.62,completed,UberGo,460.7
TRIP_509A91F1,DRIVER_62E7816B,ANON,DRIVER,VEH_3792F908,VEH_495A70,personal_transport,2025-06-30 21:22:17,,Zone_India,Zone_India,0.0,rider_cancelled,UberGo,0.0
TRIP_846304B1,DRIVER_62E7816B,ANON,DRIVER,VEH_3792F908,VEH_495A70,personal_transport,2025-06-30 21:22:09,,Zone_India,Zone_India,0.0,rider_cancelled,UberGo,0.0
TRIP_D01A7F79,DRIVER_D564BA74,ANON,DRIVER,VEH_EA0B1187,VEH_5E5D79,personal_transport,2025-06-30 21:21:02,2025-06-30 22:04:31,Zone_India,Zone_India,15.71,completed,UberGo,289.96
TRIP_2C8CF955,DRIVER_D429B594,ANON,DRIVER,VEH_71082EF0,VEH_5F413F,personal_transport,2025-06-30 21:19:45,,Zone_India,Zone_India,0.0,rider_cancelled,UberGo,0.0
TRIP_CFD5B4B0,DRIVER_62E7816B,ANON,DRIVER,VEH_3792F908,VEH_495A70,personal_transport,2025-06-30 21:18:03,,Zone_India,Zone_India,0.0,rider_cancelled,UberGo,0.0
TRIP_B1D69D2F,DRIVER_8AE7BC26,ANON,DRIVER,VEH_B6363F45,VEH_AEF686,personal_transport,2025-06-30 21:16:08,2025-06-30 22:02:28,Zone_India,Zone_India,12.33,completed,UberGo,279.35
TRIP_6FD708F9,DRIVER_A1423F2E,ANON,DRIVER,VEH_FD689D5A,VEH_CEFAB8,personal_transport,2025-06-30 21:15:00,2025-06-30 22:07:27,Zone_India,Zone_India,13.55,completed,UberGo,441.65
TRIP_0CFC4A53,DRIVER_4DA4937B,ANON,DRIVER,VEH_347724A3,VEH_1BAC82,personal_transport,2025-06-30 21:12:50,2025-06-30 22:04:01,Zone_India,Zone_India,17.87,completed,UberGo,315.49
TRIP_B9AF1A50,DRIVER_381FACA9,ANON,DRIVER,VEH_171B5FC4,VEH_02F4D4,personal_transport,2025-06-30 21:11:31,2025-06-30 22:09:02,Zone_India,Zone_India,11.36,completed,UberGo,269.95
TRIP_0D8861DA,DRIVER_76DD6C42,ANON,DRIVER,VEH_7FD9BBD5,VEH_1078A8,personal_transport,2025-06-30 21:11:25,2025-06-30 21:40:12,Zone_India,Zone_India_Metro,18.44,completed,UberGo,309.91
TRIP_999AEF14,DRIVER_4022EEA9,ANON,DRIVER,VEH_A14A416A,VEH_FABFDC,personal_transport,2025-06-30 21:10:21,2025-06-30 21:52:28,Zone_India,Zone_India,13.48,completed,UberGo,224.91
TRIP_C28B1350,DRIVER_B5A19F5F,ANON,DRIVER,VEH_EBA0547C,VEH_0A3DB8,personal_transport,2025-06-30 21:07:47,2025-06-30 22:11:55,Zone_India,Zone_India,7.55,completed,UberGo,241.18
TRIP_FD522FE6,DRIVER_227504CD,ANON,DRIVER,VEH_8C88662C,VEH_69098E,personal_transport,2025-06-30 21:05:41,2025-06-30 21:43:17,Zone_India_Metro,Zone_India,15.19,completed,UberGo,329.95
TRIP_A1D37D93,DRIVER_DED6E08E,ANON,DRIVER,VEH_64CF6C0F,VEH_FD00AF,personal_transport,2025-06-30 21:04:15,,Zone_India,Zone_India,0.0,driver_cancelled,UberGo,0.0
TRIP_BEAECFDE,DRIVER_049F569A,ANON,DRIVER,VEH_2815A2B0,VEH_6F388D,personal_transport,2025-06-30 21:04:09,2025-06-30 21:50:29,Zone_India,Zone_India,7.1,completed,UberGo,202.45
TRIP_DF4A4099,DRIVER_CBCDF839,ANON,DRIVER,VEH_C2CB32D6,VEH_4DAA31,personal_transport,2025-06-30 21:03:35,2025-06-30 21:59:36,Zone_India,Zone_India,15.22,completed,UberGo,359.94
TRIP_2D1F3CD6,DRIVER_5AA8FDB7,ANON,DRIVER,VEH_1FA023BA,VEH_24FFE3,personal_transport,2025-06-30 21:03:02,2025-06-30 22:09:57,Zone_India,Zone_India,20.34,completed,UberGo,339.96
TRIP_44CE9D7B,DRIVER_01919098,ANON,DRIVER,VEH_5F4B7EDF,VEH_298C28,personal_transport,2025-06-30 21:02:10,2025-06-30 22:00:51,Zone_India,Zone_India,9.48,completed,UberX+,288.46
TRIP_FF0F1F6D,DRIVER_DED6E08E,ANON,DRIVER,VEH_64CF6C0F,VEH_FD00AF,personal_transport,2025-06-30 21:01:06,,Zone_India,Zone_India,0.0,rider_cancelled,UberGo,0.0
TRIP_F09FE938,DRIVER_5E96FEA8,ANON,DRIVER,VEH_F4632C24,VEH_F612D8,personal_transport,2025-06-30 20:56:21,2025-06-30 21:50:13,Zone_India,Zone_India,12.55,completed,UberGo,483.66
TRIP_E78FC315,DRIVER_381FACA9,ANON,DRIVER,VEH_171B5FC4,VEH_02F4D4,personal_transport,2025-06-30 20:52:09,2025-06-30 21:28:49,Zone_India,Zone_India,15.48,completed,UberGo,279.98
TRIP_7260EB26,DRIVER_F93E6661,ANON,DRIVER,VEH_B9F9CD1E,VEH_1410DD,personal_transport,2025-06-30 20:51:58,2025-06-30 21:29:34,Zone_India,Zone_India_Metro,12.61,completed,UberGo,249.96
TRIP_4821A800,DRIVER_5332CF96,ANON,DRIVER,VEH_3A986979,VEH_08578E,personal_transport,2025-06-30 20:49:58,,Zone_India,Zone_India,0.0,rider_cancelled,UberGo,0.0
TRIP_135035E4,DRIVER_8003FF9A,ANON,DRIVER,VEH_B0A9CF7E,VEH_26BCB3,personal_transport,2025-06-30 20:49:04,2025-06-30 21:53:53,Zone_India,Zone_India,18.37,completed,UberGo,319.9
TRIP_E93C6DE0,DRIVER_A1423F2E,ANON,DRIVER,VEH_FD689D5A,VEH_CEFAB8,personal_transport,2025-06-30 20:47:30,,Zone_India,Zone_India,0.0,rider_cancelled,UberGo,0.0
TRIP_4582717F,DRIVER_C2ACE8F5,ANON,DRIVER,VEH_5A7291CC,VEH_773AF9,personal_transport,2025-06-30 20:46:25,2025-06-30 22:02:15,Zone_India,Zone_India,21.67,completed,UberGo,421.72
TRIP_FF901892,DRIVER_049F569A,ANON,DRIVER,VEH_2815A2B0,VEH_6F388D,personal_transport,2025-06-30 20:45:21,2025-06-30 21:15:23,Zone_India,Zone_India,3.08,completed,UberGo,119.95
TRIP_56CC3589,DRIVER_0F2B42FC,ANON,DRIVER,VEH_65EE8410,VEH_B8EDFE,personal_transport,2025-06-30 20:44:33,2025-06-30 22:04:01,Zone_India,Zone_PIN_600048,31.29,completed,UberGo,590.59
TRIP_753EC7B8,DRIVER_53486BE1,ANON,DRIVER,VEH_BF394125,VEH_861A16,personal_transport,2025-06-30 20:44:29,2025-06-30 21:33:42,Zone_India,Zone_India,15.72,completed,UberGo,289.92
TRIP_544E0DEA,DRIVER_53486BE1,ANON,DRIVER,VEH_BF394125,VEH_861A16,personal_transport,2025-06-30 20:41:12,,Zone_India,Zone_India,0.0,rider_cancelled,UberGo,0.0
TRIP_C80AFBDA,DRIVER_5351FC57,ANON,DRIVER,VEH_B0E41790,VEH_BFE633,personal_transport,2025-06-30 20:38:40,2025-06-30 22:04:36,Zone_India,Zone_India,32.39,completed,UberGo,639.9
TRIP_78FBE8F8,DRIVER_08CE6127,ANON,DRIVER,VEH_BA48A968,VEH_26473B,personal_transport,2025-06-30 20:36:54,2025-06-30 22:33:17,Zone_India,Zone_India,21.25,completed,UberGo,469.07
TRIP_55B746D7,DRIVER_5E96FEA8,ANON,DRIVER,VEH_F4632C24,VEH_F612D8,personal_transport,2025-06-30 20:36:06,,Zone_India,Zone_India,0.0,rider_cancelled,UberGo,0.0
TRIP_86050A7C,DRIVER_F93E6661,ANON,DRIVER,VEH_B9F9CD1E,VEH_1410DD,personal_transport,2025-06-30 20:35:13,2025-06-30 20:48:17,Zone_India,Zone_India,4.38,completed,UberGo,139.91
TRIP_B96C8075,DRIVER_049F569A,ANON,DRIVER,VEH_2815A2B0,VEH_6F388D,personal_transport,2025-06-30 20:35:00,2025-06-30 20:53:44,Zone_India,Zone_India,3.97,completed,UberGo,149.9
TRIP_714C7D09,DRIVER_2837996E,ANON,DRIVER,VEH_F076B161,VEH_EDA8C2,personal_transport,2025-06-30 20:33:50,2025-06-30 20:52:35,Zone_India,Zone_India,3.24,completed,UberGo,119.98
TRIP_5EA7F273,DRIVER_D429B594,ANON,DRIVER,VEH_71082EF0,VEH_5F413F,personal_transport,2025-06-30 20:31:23,2025-06-30 21:10:10,Zone_India,Zone_India,4.98,completed,UberGo,202.21
TRIP_4F4452F9,DRIVER_9ED6169B,ANON,DRIVER,VEH_6EF8F5C0,VEH_A899D9,personal_transport,2025-06-30 20:30:00,2025-06-30 21:50:05,Zone_India,Zone_India,32.87,completed,UberGo,792.18
TRIP_40DEA186,DRIVER_08CE6127,ANON,DRIVER,VEH_BA48A968,VEH_26473B,personal_transport,2025-06-30 20:29:02,2025-06-30 20:53:46,Zone_India,Zone_India,5.21,completed,UberGo,129.98
TRIP_9B7F5DFF,DRIVER_531BE79B,ANON,DRIVER,VEH_98D071DF,VEH_4D36B7,personal_transport,2025-06-30 20:28:45,2025-06-30 21:24:00,Zone_India,Zone_India,6.76,completed,UberGo,203.6
TRIP_298875C9,DRIVER_531BE79B,ANON,DRIVER,VEH_98D071DF,VEH_4D36B7,personal_transport,2025-06-30 20:25:54,,Zone_India,Zone_India,0.0,rider_cancelled,UberGo,0.0
TRIP_F67C2302,DRIVER_531BE79B,ANON,DRIVER,VEH_98D071DF,VEH_4D36B7,personal_transport,2025-06-30 20:23:23,,Zone_India,Zone_India,0.0,rider_cancelled,UberGo,0.0
TRIP_97C439F6,DRIVER_381FACA9,ANON,DRIVER,VEH_171B5FC4,VEH_02F4D4,personal_transport,2025-06-30 20:21:14,2025-06-30 20:50:54,Zone_India,Zone_India,4.13,completed,UberGo,149.95
TRIP_F8BE59BA,DRIVER_B5A19F5F,ANON,DRIVER,VEH_EBA0547C,VEH_0A3DB8,personal_transport,2025-06-30 20:19:44,2025-06-30 21:17:50,Zone_India,Zone_India,17.2,completed,UberGo,389.93
TRIP_E5C89042,DRIVER_08CE6127,ANON,DRIVER,VEH_BA48A968,VEH_26473B,personal_transport,2025-06-30 20:17:19,,Zone_India,Zone_India,0.0,rider_cancelled,UberGo,0.0
TRIP_F7D0C7FF,DRIVER_4022EEA9,ANON,DRIVER,VEH_A14A416A,VEH_FABFDC,personal_transport,2025-06-30 20:10:45,2025-06-30 21:06:41,Zone_India,Zone_India,14.11,completed,UberGo,299.91
TRIP_1F8C288B,DRIVER_CBCDF839,ANON,DRIVER,VEH_C2CB32D6,VEH_4DAA31,personal_transport,2025-06-30 20:09:48,2025-06-30 21:05:48,Zone_India,Zone_India,16.39,completed,UberGo,339.95
TRIP_124D7364,DRIVER_AC44C705,ANON,DRIVER,VEH_FC56B5EC,VEH_98B383,personal_transport,2025-06-30 20:03:49,2025-06-30 21:07:36,Zone_India,Zone_India,23.33,completed,UberGo,479.92
TRIP_77472485,DRIVER_5351FC57,ANON,DRIVER,VEH_B0E41790,VEH_BFE633,personal_transport,2025-06-30 19:53:52,2025-06-30 20:33:07,Zone_India,Zone_India,9.89,completed,UberGo,249.91
TRIP_A20ECCFA,DRIVER_381FACA9,ANON,DRIVER,VEH_171B5FC4,VEH_02F4D4,personal_transport,2025-06-30 19:53:17,2025-06-30 20:30:02,Zone_PIN_600069,Zone_India,9.09,completed,UberGo,269.92
TRIP_9FF264B3,DRIVER_531BE79B,ANON,DRIVER,VEH_98D071DF,VEH_4D36B7,personal_transport,2025-06-30 19:51:03,2025-06-30 20:45:56,Zone_India,Zone_India,12.74,completed,UberGo,299.91
TRIP_80A05C3D,DRIVER_4467B371,ANON,DRIVER,VEH_5323C551,VEH_BCC0F7,personal_transport,2025-06-30 19:46:56,2025-06-30 20:58:23,Zone_India,Zone_India,24.4,completed,UberGo,449.94
TRIP_29CEFE63,DRIVER_4022EEA9,ANON,DRIVER,VEH_A14A416A,VEH_FABFDC,personal_transport,2025-06-30 19:45:54,,Zone_India,Zone_India,0.0,rider_cancelled,UberGo,15.8
TRIP_4045006E,DRIVER_A1423F2E,ANON,DRIVER,VEH_FD689D5A,VEH_CEFAB8,personal_transport,2025-06-30 19:42:03,2025-06-30 20:24:59,Zone_India,Zone_India,18.71,completed,UberGo,339.93
TRIP_2E3EDC42,DRIVER_D429B594,ANON,DRIVER,VEH_71082EF0,VEH_5F413F,personal_transport,2025-06-30 19:40:58,2025-06-30 20:40:48,Zone_India,Zone_India,7.2,completed,Pocket Dispatch,230.09
TRIP_F5E7BF99,DRIVER_08CE6127,ANON,DRIVER,VEH_BA48A968,VEH_26473B,personal_transport,2025-06-30 19:38:05,2025-06-30 20:25:34,Zone_India,Zone_India,5.91,completed,UberGo,149.93
TRIP_5DB9AB24,DRIVER_8003FF9A,ANON,DRIVER,VEH_B0A9CF7E,VEH_26BCB3,personal_transport,2025-06-30 19:36:47,2025-06-30 20:50:56,Zone_India,Zone_India,34.98,completed,UberGo,639.98
TRIP_3EC345F2,DRIVER_08CE6127,ANON,DRIVER,VEH_BA48A968,VEH_26473B,personal_transport,2025-06-30 19:35:54,,Zone_India,Zone_India,0.0,rider_cancelled,UberGo,0.0
TRIP_BC407600,DRIVER_D429B594,ANON,DRIVER,VEH_71082EF0,VEH_5F413F,personal_transport,2025-06-30 19:34:55,2025-06-30 20:04:39,Zone_India,Zone_India,6.8,completed,UberGo,219.98
TRIP_9D0280DE,DRIVER_D564BA74,ANON,DRIVER,VEH_EA0B1187,VEH_5E5D79,personal_transport,2025-06-30 19:31:41,2025-06-30 21:19:19,Zone_India_Metro,Zone_India,37.47,completed,UberGo,654.33
TRIP_18CFA85D,DRIVER_2837996E,ANON,DRIVER,VEH_F076B161,VEH_EDA8C2,personal_transport,2025-06-30 19:31:24,2025-06-30 20:29:43,Zone_India,Zone_India,13.68,completed,UberGo,329.95
TRIP_16087666,DRIVER_C4BF3CD3,ANON,DRIVER,VEH_3792F908,VEH_495A70,personal_transport,2025-06-30 19:30:10,,Zone_India,Zone_India,0.0,rider_cancelled,UberGo,0.0
TRIP_5C7699CC,DRIVER_574D9B1D,ANON,DRIVER,VEH_41C0FFE1,VEH_759E10,personal_transport,2025-06-30 19:28:48,2025-06-30 19:54:23,Zone_India_Metro,Zone_India,7.17,completed,UberGo,249.93
TRIP_EAF25C81,DRIVER_DED6E08E,ANON,DRIVER,VEH_64CF6C0F,VEH_FD00AF,personal_transport,2025-06-30 19:26:40,2025-06-30 20:57:54,Zone_India,Zone_India,39.14,completed,UberGo,771.71
TRIP_4116E3BF,DRIVER_049F569A,ANON,DRIVER,VEH_2815A2B0,VEH_6F388D,personal_transport,2025-06-30 19:25:59,,Zone_India,Zone_India,0.0,rider_cancelled,UberGo,0.0
TRIP_9941A9E9,DRIVER_C2ACE8F5,ANON,DRIVER,VEH_5A7291CC,VEH_773AF9,personal_transport,2025-06-30 19:25:12,2025-06-30 20:46:21,Zone_India,Zone_India,27.75,completed,UberGo,579.96
TRIP_589905F2,DRIVER_227504CD,ANON,DRIVER,VEH_8C88662C,VEH_69098E,personal_transport,2025-06-30 19:22:40,2025-06-30 20:36:18,Zone_India_Metro,Zone_India,25.71,completed,UberGo,509.95
TRIP_27440143,DRIVER_4DA4937B,ANON,DRIVER,VEH_347724A3,VEH_1BAC82,personal_transport,2025-06-30 19:19:59,2025-06-30 20:13:06,Zone_India_Metro,Zone_India_Metro,23.7,completed,UberGo,354.98
TRIP_03406072,DRIVER_381FACA9,ANON,DRIVER,VEH_171B5FC4,VEH_02F4D4,personal_transport,2025-06-30 19:19:14,2025-06-30 19:52:21,Zone_India,Zone_India,9.09,completed,UberGo,269.94
TRIP_62A78F79,DRIVER_227504CD,ANON,DRIVER,VEH_8C88662C,VEH_69098E,personal_transport,2025-06-30 19:16:53,,Zone_India_Metro,Zone_India_Metro,0.0,rider_cancelled,UberGo,0.0
TRIP_BD598850,DRIVER_CBCDF839,ANON,DRIVER,VEH_C2CB32D6,VEH_4DAA31,personal_transport,2025-06-30 19:15:12,2025-06-30 20:11:54,Zone_India,Zone_India,14.93,completed,UberGo,339.98
TRIP_845AFE39,DRIVER_2837996E,ANON,DRIVER,VEH_F076B161,VEH_EDA8C2,personal_transport,2025-06-30 19:10:31,2025-06-30 19:42:23,Zone_India,Zone_India,8.92,completed,UberGo,259.92
TRIP_E6B81037,DRIVER_531BE79B,ANON,DRIVER,VEH_98D071DF,VEH_4D36B7,personal_transport,2025-06-30 19:08:28,2025-06-30 19:47:07,Zone_India,Zone_India,8.73,completed,UberGo,237.99
TRIP_CCF156FA,DRIVER_DED6E08E,ANON,DRIVER,VEH_64CF6C0F,VEH_FD00AF,personal_transport,2025-06-30 19:01:50,,Zone_India,Zone_India,0.0,rider_cancelled,UberGo,0.0
TRIP_F4B131E5,DRIVER_5AA8FDB7,ANON,DRIVER,VEH_1FA023BA,VEH_24FFE3,personal_transport,2025-06-30 19:01:46,2025-06-30 20:05:58,Zone_Avadi,Zone_India,25.79,completed,UberGo,439.97
TRIP_B4580F91,DRIVER_D429B594,ANON,DRIVER,VEH_71082EF0,VEH_5F413F,personal_transport,2025-06-30 19:00:35,,Zone_India,Zone_India,0.0,driver_cancelled,UberGo,0.0
TRIP_9884B97D,DRIVER_D429B594,ANON,DRIVER,VEH_71082EF0,VEH_5F413F,personal_transport,2025-06-30 18:59:44,2025-06-30 19:33:00,Zone_India,Zone_India,7.36,completed,UberGo,259.9
TRIP_1C4FC9EC,DRIVER_531BE79B,ANON,DRIVER,VEH_98D071DF,VEH_4D36B7,personal_transport,2025-06-30 18:59:26,,Zone_India,Zone_India,0.0,rider_cancelled,UberGo,0.0
TRIP_A351B0A6,DRIVER_A1423F2E,ANON,DRIVER,VEH_FD689D5A,VEH_CEFAB8,personal_transport,2025-06-30 18:58:48,2025-06-30 19:38:57,Zone_India,Zone_India,8.86,completed,UberGo,269.91
TRIP_21A75FB6,DRIVER_53486BE1,ANON,DRIVER,VEH_BF394125,VEH_861A16,personal_transport,2025-06-30 18:57:44,2025-06-30 19:51:35,Zone_India,Zone_India,13.84,completed,UberGo,319.9
TRIP_3C1B16FC,DRIVER_4B3B2B6D,ANON,DRIVER,VEH_006FC4AB,VEH_63B2C8,personal_transport,2025-06-30 18:53:10,2025-06-30 20:04:13,Zone_India,Zone_India,21.07,completed,UberGo,449.91
TRIP_BC9C5B24,DRIVER_4022EEA9,ANON,DRIVER,VEH_A14A416A,VEH_FABFDC,personal_transport,2025-06-30 18:52:03,2025-06-30 20:04:18,Zone_PIN_600048,Zone_India,17.39,completed,UberGo,389.94
TRIP_00EFE80A,DRIVER_C0FAA4A1,ANON,DRIVER,VEH_71BF26EC,VEH_AF54F2,personal_transport,2025-06-30 18:48:58,2025-06-30 19:37:05,Zone_India,Zone_India,8.04,completed,UberX+,270.43
TRIP_ECFABFE4,DRIVER_D564BA74,ANON,DRIVER,VEH_EA0B1187,VEH_5E5D79,personal_transport,2025-06-30 18:47:19,2025-06-30 19:39:49,Zone_India,Zone_India_Metro,20.97,completed,UberGo,379.98
TRIP_9A69DF30,DRIVER_049F569A,ANON,DRIVER,VEH_2815A2B0,VEH_6F388D,personal_transport,2025-06-30 18:34:59,2025-06-30 19:38:35,Zone_India,Zone_India,14.53,completed,UberX+,316.43
TRIP_D984CE42,DRIVER_C0FAA4A1,ANON,DRIVER,VEH_71BF26EC,VEH_AF54F2,personal_transport,2025-06-30 18:34:35,2025-06-30 18:54:58,Zone_India,Zone_India,2.85,completed,UberGo,139.98
TRIP_3F8C0901,DRIVER_5332CF96,ANON,DRIVER,VEH_3A986979,VEH_08578E,personal_transport,2025-06-30 18:34:04,2025-06-30 20:31:42,Zone_India,Zone_India,32.53,completed,UberGo,529.96
TRIP_A01C593D,DRIVER_5E96FEA8,ANON,DRIVER,VEH_F4632C24,VEH_F612D8,personal_transport,2025-06-30 18:33:47,2025-06-30 19:05:18,Zone_India,Zone_India_Metro,10.36,completed,UberGo,229.91
TRIP_D4181190,DRIVER_4B3B2B6D,ANON,DRIVER,VEH_006FC4AB,VEH_63B2C8,personal_transport,2025-06-30 18:32:18,,Zone_India,Zone_India,0.0,rider_cancelled,UberGo,0.0
TRIP_61D6D969,DRIVER_08CE6127,ANON,DRIVER,VEH_BA48A968,VEH_26473B,personal_transport,2025-06-30 18:30:27,2025-06-30 19:36:51,Zone_India,Zone_India,15.36,completed,UberGo,329.99
TRIP_D5762B14,DRIVER_4B3B2B6D,ANON,DRIVER,VEH_006FC4AB,VEH_63B2C8,personal_transport,2025-06-30 18:26:15,,Zone_India,Zone_India,0.0,rider_cancelled,UberGo,0.0
TRIP_E01251EE,DRIVER_381FACA9,ANON,DRIVER,VEH_171B5FC4,VEH_02F4D4,personal_transport,2025-06-30 18:19:55,2025-06-30 19:23:05,Zone_India,Zone_India,16.94,completed,UberGo,349.95
TRIP_5FBF31C0,DRIVER_531BE79B,ANON,DRIVER,VEH_98D071DF,VEH_4D36B7,personal_transport,2025-06-30 18:17:04,2025-06-30 19:04:32,Zone_India,Zone_India,6.45,completed,UberGo,219.97
TRIP_4C47E43F,DRIVER_4B3B2B6D,ANON,DRIVER,VEH_006FC4AB,VEH_63B2C8,personal_transport,2025-06-30 18:15:23,,Zone_India,Zone_India,0.0,rider_cancelled,UberGo,0.0
TRIP_6CD10EB6,DRIVER_C4BF3CD3,ANON,DRIVER,VEH_3792F908,VEH_495A70,personal_transport,2025-06-30 18:13:36,2025-06-30 19:31:19,Zone_India,Zone_India,14.42,completed,UberGo,339.91
TRIP_8683B783,DRIVER_C8D03F85,ANON,DRIVER,VEH_F96FFAAF,VEH_07FDC4,personal_transport,2025-06-30 18:10:05,2025-06-30 20:04:31,Zone_India,Zone_India,33.19,completed,UberGo,644.67
TRIP_3F2E5E38,DRIVER_C8D03F85,ANON,DRIVER,VEH_F96FFAAF,VEH_07FDC4,personal_transport,2025-06-30 18:07:34,,Zone_India_Metro,Zone_India_Metro,0.0,rider_cancelled,UberGo,0.0
TRIP_87495F20,DRIVER_CBCDF839,ANON,DRIVER,VEH_C2CB32D6,VEH_4DAA31,personal_transport,2025-06-30 18:03:34,2025-06-30 19:16:45,Zone_India,Zone_India,13.9,completed,UberGo,365.77
TRIP_32E17852,DRIVER_DED6E08E,ANON,DRIVER,VEH_64CF6C0F,VEH_FD00AF,personal_transport,2025-06-30 17:59:30,,Zone_India,Zone_India,0.0,rider_cancelled,UberGo,0.0
TRIP_EC47764E,DRIVER_DED6E08E,ANON,DRIVER,VEH_64CF6C0F,VEH_FD00AF,personal_transport,2025-06-30 17:59:10,2025-06-30 19:18:39,Zone_India,Zone_India,10.55,completed,UberGo,269.97
TRIP_AA5C928E,DRIVER_CBCDF839,ANON,DRIVER,VEH_C2CB32D6,VEH_4DAA31,personal_transport,2025-06-30 17:57:34,,Zone_India,Zone_India,0.0,rider_cancelled,UberGo,0.0
TRIP_05D566A2,DRIVER_5351FC57,ANON,DRIVER,VEH_B0E41790,VEH_BFE633,personal_transport,2025-06-30 17:57:22,2025-06-30 19:44:40,Zone_India_Metro,Zone_India,30.72,completed,UberGo,510.11
TRIP_DE1559DB,DRIVER_049F569A,ANON,DRIVER,VEH_2815A2B0,VEH_6F388D,personal_transport,2025-06-30 17:57:15,2025-06-30 18:43:28,Zone_PIN_600068,Zone_India,8.4,completed,UberGo,250.85
TRIP_96C78DC1,DRIVER_C4BF3CD3,ANON,DRIVER,VEH_3792F908,VEH_495A70,personal_transport,2025-06-30 17:55:44,,Zone_India,Zone_India,0.0,rider_cancelled,UberGo,0.0
TRIP_37E5FF15,DRIVER_B5A19F5F,ANON,DRIVER,VEH_EBA0547C,VEH_0A3DB8,personal_transport,2025-06-30 17:55:15,2025-06-30 19:17:41,Zone_India,Zone_India,24.92,completed,UberGo,509.99
TRIP_26ADCA03,DRIVER_C4BF3CD3,ANON,DRIVER,VEH_3792F908,VEH_495A70,personal_transport,2025-06-30 17:54:09,,Zone_India,Zone_India,0.0,rider_cancelled,UberGo,0.0
TRIP_E035CAB2,DRIVER_9F89DDC4,ANON,DRIVER,VEH_D8D19E55,VEH_018C70,personal_transport,2025-06-30 17:53:57,2025-06-30 19:26:42,Zone_India,Zone_India,18.59,completed,UberGo,369.9
TRIP_FCC1CC90,DRIVER_D429B594,ANON,DRIVER,VEH_71082EF0,VEH_5F413F,personal_transport,2025-06-30 17:53:41,2025-06-30 18:58:50,Zone_India,Zone_India,20.29,completed,UberGo,369.96
TRIP_AD64E953,DRIVER_9F89DDC4,ANON,DRIVER,VEH_D8D19E55,VEH_018C70,personal_transport,2025-06-30 17:53:23,,Zone_India,Zone_India,0.0,rider_cancelled,UberGo,0.0
TRIP_BABEC8B5,DRIVER_B5A19F5F,ANON,DRIVER,VEH_EBA0547C,VEH_0A3DB8,personal_transport,2025-06-30 17:51:16,,Zone_India,Zone_India,0.0,rider_cancelled,UberGo,15.8
TRIP_7CDDF45B,DRIVER_5AA8FDB7,ANON,DRIVER,VEH_1FA023BA,VEH_24FFE3,personal_transport,2025-06-30 17:48:01,2025-06-30 19:02:44,Zone_India,Zone_India,17.33,completed,UberGo,369.94
TRIP_4F4B93D0,DRIVER_381FACA9,ANON,DRIVER,VEH_171B5FC4,VEH_02F4D4,personal_transport,2025-06-30 17:46:25,,Zone_India,Zone_India,0.0,rider_cancelled,UberGo,0.0
TRIP_4D88A220,DRIVER_0F2B42FC,ANON,DRIVER,VEH_65EE8410,VEH_B8EDFE,personal_transport,2025-06-30 17:45:29,2025-06-30 20:06:04,Zone_India,Zone_India,34.56,completed,UberGo,712.02
TRIP_9CD1FB18,DRIVER_8AE7BC26,ANON,DRIVER,VEH_B6363F45,VEH_AEF686,personal_transport,2025-06-30 17:43:28,2025-06-30 19:38:25,Zone_India,Zone_India,34.09,completed,UberGo,609.95
TRIP_52879E5D,DRIVER_4022EEA9,ANON,DRIVER,VEH_A14A416A,VEH_FABFDC,personal_transport,2025-06-30 17:43:20,2025-06-30 18:58:21,Zone_India,Zone_India_Metro,23.82,completed,UberGo,440.5
TRIP_070E72F8,DRIVER_4467B371,ANON,DRIVER,VEH_5323C551,VEH_BCC0F7,personal_transport,2025-06-30 17:32:30,2025-06-30 19:36:12,Zone_India,Zone_India,34.95,completed,UberGo,634.94
TRIP_71017A24,DRIVER_4022EEA9,ANON,DRIVER,VEH_A14A416A,VEH_FABFDC,personal_transport,2025-06-30 17:32:07,,Zone_India,Zone_India,0.0,rider_cancelled,UberGo,0.0
TRIP_F77587DA,DRIVER_5332CF96,ANON,DRIVER,VEH_3A986979,VEH_08578E,personal_transport,2025-06-30 17:31:07,2025-06-30 18:31:37,Zone_India,Zone_India,8.82,completed,UberGo,269.94
TRIP_420FC327,DRIVER_C2ACE8F5,ANON,DRIVER,VEH_5A7291CC,VEH_773AF9,personal_transport,2025-06-30 17:30:24,2025-06-30 18:44:24,Zone_India,Zone_India,17.36,completed,UberGo,339.99
TRIP_D87EB345,DRIVER_531BE79B,ANON,DRIVER,VEH_98D071DF,VEH_4D36B7,personal_transport,2025-06-30 17:22:45,2025-06-30 18:30:05,Zone_India,Zone_India_Metro,8.52,completed,UberGo,239.95
TRIP_6F2AAC3E,DRIVER_08CE6127,ANON,DRIVER,VEH_BA48A968,VEH_26473B,personal_transport,2025-06-30 17:17:11,,Zone_India,Zone_India,0.0,driver_cancelled,UberGo,60.16
TRIP_1B63A22C,DRIVER_4B3B2B6D,ANON,DRIVER,VEH_006FC4AB,VEH_63B2C8,personal_transport,2025-06-30 17:16:55,2025-06-30 18:41:36,Zone_India,Zone_India,28.91,completed,UberX+,733.71
TRIP_913D6F07,DRIVER_C8D03F85,ANON,DRIVER,VEH_F96FFAAF,VEH_07FDC4,personal_transport,2025-06-30 17:14:05,2025-06-30 18:17:31,Zone_India,Zone_India_Metro,19.45,completed,UberGo,389.98
TRIP_CAE1DB65,DRIVER_9F89DDC4,ANON,DRIVER,VEH_D8D19E55,VEH_018C70,personal_transport,2025-06-30 17:04:22,2025-06-30 17:56:43,Zone_India,Zone_India,10.68,completed,UberX+,280.18
TRIP_A048521B,DRIVER_53486BE1,ANON,DRIVER,VEH_BF394125,VEH_861A16,personal_transport,2025-06-30 17:03:08,2025-06-30 18:58:42,Zone_India,Zone_India,31.09,completed,UberGo,642.24
TRIP_F63E8D3D,DRIVER_2837996E,ANON,DRIVER,VEH_F076B161,VEH_EDA8C2,personal_transport,2025-06-30 16:58:33,,Zone_India,Zone_India,0.0,rider_cancelled,UberGo,0.0
TRIP_951AE0AD,DRIVER_5351FC57,ANON,DRIVER,VEH_B0E41790,VEH_BFE633,personal_transport,2025-06-30 16:58:27,,Zone_India_Metro,Zone_India_Metro,0.0,rider_cancelled,UberGo,0.0
TRIP_ED925069,DRIVER_C4BF3CD3,ANON,DRIVER,VEH_3792F908,VEH_495A70,personal_transport,2025-06-30 16:58:18,2025-06-30 17:37:25,Zone_India,Zone_India,7.93,completed,UberGo,158.17
TRIP_5F826415,DRIVER_DED6E08E,ANON,DRIVER,VEH_64CF6C0F,VEH_FD00AF,personal_transport,2025-06-30 16:57:33,2025-06-30 18:16:04,Zone_India,Zone_India,25.19,completed,UberGo,444.96
TRIP_7A69067B,DRIVER_F93E6661,ANON,DRIVER,VEH_B9F9CD1E,VEH_1410DD,personal_transport,2025-06-30 16:54:04,2025-06-30 18:52:24,Zone_India,Zone_India,29.34,completed,UberGo,549.98
TRIP_A8215CF6,DRIVER_F93E6661,ANON,DRIVER,VEH_B9F9CD1E,VEH_1410DD,personal_transport,2025-06-30 16:48:34,2025-06-30 17:07:56,Zone_India,Zone_India,4.04,completed,UberGo,199.91
TRIP_F5DC6376,DRIVER_C2ACE8F5,ANON,DRIVER,VEH_5A7291CC,VEH_773AF9,personal_transport,2025-06-30 16:48:14,2025-06-30 17:40:16,Zone_India,Zone_India,13.4,completed,UberGo,319.97
TRIP_E9DBE1FB,DRIVER_531BE79B,ANON,DRIVER,VEH_98D071DF,VEH_4D36B7,personal_transport,2025-06-30 16:47:18,2025-06-30 17:31:02,Zone_India,Zone_India,9.46,completed,UberGo,229.42
TRIP_9E0499E8,DRIVER_F93E6661,ANON,DRIVER,VEH_B9F9CD1E,VEH_1410DD,personal_transport,2025-06-30 16:43:31,,Zone_India,Zone_India,0.0,rider_cancelled,UberGo,0.0
TRIP_66F1DB0A,DRIVER_4467B371,ANON,DRIVER,VEH_5323C551,VEH_BCC0F7,personal_transport,2025-06-30 16:40:59,2025-06-30 17:39:26,Zone_PIN_600048,Zone_India,21.82,completed,UberGo,429.96
TRIP_3B8462A5,DRIVER_CBCDF839,ANON,DRIVER,VEH_C2CB32D6,VEH_4DAA31,personal_transport,2025-06-30 16:40:43,2025-06-30 17:38:35,Zone_India,Zone_India,19.97,completed,UberGo,349.94
TRIP_F9A9B9E0,DRIVER_B5A19F5F,ANON,DRIVER,VEH_EBA0547C,VEH_0A3DB8,personal_transport,2025-06-30 16:38:39,2025-06-30 17:51:33,Zone_India,Zone_India,15.93,completed,UberGo,349.93
TRIP_FDC0D1F1,DRIVER_049F569A,ANON,DRIVER,VEH_2815A2B0,VEH_6F388D,personal_transport,2025-06-30 16:38:14,2025-06-30 17:45:19,Zone_India,Zone_PIN_600068,15.56,completed,UberGo,315.38
TRIP_0253FF50,DRIVER_08CE6127,ANON,DRIVER,VEH_BA48A968,VEH_26473B,personal_transport,2025-06-30 16:35:05,2025-06-30 17:44:34,Zone_India,Zone_India,17.85,completed,Pocket Dispatch,300.31
TRIP_65C2B1AB,DRIVER_5AA8FDB7,ANON,DRIVER,VEH_1FA023BA,VEH_24FFE3,personal_transport,2025-06-30 16:27:00,2025-06-30 17:06:31,Zone_India,Zone_India,5.62,completed,UberGo,199.94
TRIP_9DB97AD2,DRIVER_5AA8FDB7,ANON,DRIVER,VEH_1FA023BA,VEH_24FFE3,personal_transport,2025-06-30 16:23:30,,Zone_India,Zone_India,0.0,rider_cancelled,UberGo,0.0
TRIP_E57E2702,DRIVER_DED6E08E,ANON,DRIVER,VEH_64CF6C0F,VEH_FD00AF,personal_transport,2025-06-30 16:22:47,2025-06-30 16:54:27,Zone_India,Zone_India,5.15,completed,UberGo,201.73
TRIP_FB9830B1,DRIVER_381FACA9,ANON,DRIVER,VEH_171B5FC4,VEH_02F4D4,personal_transport,2025-06-30 16:22:27,2025-06-30 17:56:17,Zone_India,Zone_India,21.87,completed,UberGo,439.91
TRIP_6ED54E0A,DRIVER_531BE79B,ANON,DRIVER,VEH_98D071DF,VEH_4D36B7,personal_transport,2025-06-30 16:19:28,2025-06-30 16:53:35,Zone_India,Zone_India,7.18,completed,UberGo,229.94
TRIP_464C7E73,DRIVER_01919098,ANON,DRIVER,VEH_5F4B7EDF,VEH_298C28,personal_transport,2025-06-30 16:18:35,2025-06-30 17:15:14,Zone_India,Zone_India,11.86,completed,UberGo,299.99
TRIP_5BF52424,DRIVER_8AE7BC26,ANON,DRIVER,VEH_B6363F45,VEH_AEF686,personal_transport,2025-06-30 16:18:10,2025-06-30 17:14:00,Zone_India,Zone_India,10.41,completed,UberGo,269.9
TRIP_6CC6888C,DRIVER_5351FC57,ANON,DRIVER,VEH_B0E41790,VEH_BFE633,personal_transport,2025-06-30 16:17:57,2025-06-30 17:10:36,Zone_India_Metro,Zone_India_Metro,15.52,completed,UberGo,310.78
TRIP_2DEFFE38,DRIVER_D564BA74,ANON,DRIVER,VEH_EA0B1187,VEH_5E5D79,personal_transport,2025-06-30 16:15:52,2025-06-30 17:33:26,Zone_India,Zone_PIN_600048,30.21,completed,UberGo,579.94
TRIP_DD850AC9,DRIVER_A1423F2E,ANON,DRIVER,VEH_FD689D5A,VEH_CEFAB8,personal_transport,2025-06-30 16:14:12,2025-06-30 16:43:46,Zone_India,Zone_India,9.45,completed,UberGo,259.94
TRIP_64264044,DRIVER_227504CD,ANON,DRIVER,VEH_8C88662C,VEH_69098E,personal_transport,2025-06-30 16:12:51,2025-06-30 17:38:13,Zone_India,Zone_Kelambakkam,35.79,completed,UberGo,609.9
TRIP_13DEE470,DRIVER_5332CF96,ANON,DRIVER,VEH_3A986979,VEH_08578E,personal_transport,2025-06-30 16:12:31,2025-06-30 17:44:12,Zone_India,Zone_India,20.64,completed,UberGo,399.98
TRIP_EFE5D03A,DRIVER_4DA4937B,ANON,DRIVER,VEH_347724A3,VEH_1BAC82,personal_transport,2025-06-30 16:11:39,2025-06-30 19:13:49,Zone_India,Zone_Porur,47.44,completed,UberGo,807.6
TRIP_97C134DB,DRIVER_5332CF96,ANON,DRIVER,VEH_3A986979,VEH_08578E,personal_transport,2025-06-30 15:57:34,,Zone_India,Zone_India,0.0,rider_cancelled,UberGo,0.0
TRIP_F95D4D50,DRIVER_C2ACE8F5,ANON,DRIVER,VEH_5A7291CC,VEH_773AF9,personal_transport,2025-06-30 15:56:17,2025-06-30 16:45:52,Zone_India,Zone_India,10.71,completed,UberGo,219.93
TRIP_27A89F78,DRIVER_01919098,ANON,DRIVER,VEH_5F4B7EDF,VEH_298C28,personal_transport,2025-06-30 15:53:02,2025-06-30 16:21:57,Zone_India,Zone_India,3.52,completed,UberGo,139.97
TRIP_298D4FBA,DRIVER_CBCDF839,ANON,DRIVER,VEH_C2CB32D6,VEH_4DAA31,personal_transport,2025-06-30 15:50:42,2025-06-30 16:38:45,Zone_India,Zone_India,15.67,completed,UberGo,249.94
TRIP_4A36BEDA,DRIVER_C0FAA4A1,ANON,DRIVER,VEH_71BF26EC,VEH_AF54F2,personal_transport,2025-06-30 15:45:08,2025-06-30 16:34:37,Zone_India,Zone_India,11.33,completed,UberGo,259.97
TRIP_20B19DBF,DRIVER_C4BF3CD3,ANON,DRIVER,VEH_3792F908,VEH_495A70,personal_transport,2025-06-30 15:43:22,2025-06-30 17:04:10,Zone_India,Zone_India,12.39,completed,UberGo,259.91
TRIP_0259533D,DRIVER_CBCDF839,ANON,DRIVER,VEH_C2CB32D6,VEH_4DAA31,personal_transport,2025-06-30 15:38:24,,Zone_India,Zone_India,0.0,rider_cancelled,UberGo,52.09
TRIP_F44EAB48,DRIVER_5351FC57,ANON,DRIVER,VEH_B0E41790,VEH_BFE633,personal_transport,2025-06-30 15:36:18,2025-06-30 16:26:25,Zone_India_Metro,Zone_India_Metro,19.39,completed,UberGo,359.91
TRIP_8AED8974,DRIVER_531BE79B,ANON,DRIVER,VEH_98D071DF,VEH_4D36B7,personal_transport,2025-06-30 15:35:32,2025-06-30 16:25:47,Zone_India,Zone_India,28.37,completed,UberGo,509.98
TRIP_0955CDA1,DRIVER_D564BA74,ANON,DRIVER,VEH_EA0B1187,VEH_5E5D79,personal_transport,2025-06-30 15:35:24,2025-06-30 16:16:40,Zone_India,Zone_India,9.34,completed,UberGo,218.1
TRIP_4AE88C33,DRIVER_01919098,ANON,DRIVER,VEH_5F4B7EDF,VEH_298C28,personal_transport,2025-06-30 15:34:34,2025-06-30 16:01:49,Zone_India,Zone_India,4.88,completed,UberGo,149.97
TRIP_E65EFC25,DRIVER_5332CF96,ANON,DRIVER,VEH_3A986979,VEH_08578E,personal_transport,2025-06-30 15:30:37,2025-06-30 16:11:06,Zone_India,Zone_India,11.27,completed,UberGo,164.97
TRIP_E0A53B91,DRIVER_01919098,ANON,DRIVER,VEH_5F4B7EDF,VEH_298C28,personal_transport,2025-06-30 15:26:25,,Zone_India,Zone_India,0.0,rider_cancelled,UberGo,0.0
TRIP_C25460FA,DRIVER_DED6E08E,ANON,DRIVER,VEH_64CF6C0F,VEH_FD00AF,personal_transport,2025-06-30 15:22:21,2025-06-30 16:23:24,Zone_India,Zone_India,18.99,completed,UberGo,292.4
TRIP_805C2289,DRIVER_049F569A,ANON,DRIVER,VEH_2815A2B0,VEH_6F388D,personal_transport,2025-06-30 15:19:54,2025-06-30 16:42:58,Zone_India,Zone_India,26.38,completed,UberGo,469.92
TRIP_2B5BEDE9,DRIVER_C8D03F85,ANON,DRIVER,VEH_F96FFAAF,VEH_07FDC4,personal_transport,2025-06-30 15:18:20,2025-06-30 16:27:59,Zone_India,Zone_India,20.29,completed,UberGo,329.97
TRIP_9594304A,DRIVER_2837996E,ANON,DRIVER,VEH_F076B161,VEH_EDA8C2,personal_transport,2025-06-30 15:17:02,2025-06-30 16:57:47,Zone_India,Zone_India,33.0,completed,UberGo,648.94
TRIP_FBE2A3B2,DRIVER_2837996E,ANON,DRIVER,VEH_F076B161,VEH_EDA8C2,personal_transport,2025-06-30 15:15:53,,Zone_India,Zone_India,0.0,rider_cancelled,UberGo,0.0
TRIP_1FDE103F,DRIVER_DED6E08E,ANON,DRIVER,VEH_64CF6C0F,VEH_FD00AF,personal_transport,2025-06-30 15:12:23,,Zone_India,Zone_India,0.0,rider_cancelled,UberGo,0.0
TRIP_31030A94,DRIVER_049F569A,ANON,DRIVER,VEH_2815A2B0,VEH_6F388D,personal_transport,2025-06-30 15:11:14,,Zone_India,Zone_India,0.0,rider_cancelled,UberGo,0.0
TRIP_CC912BC6,DRIVER_381FACA9,ANON,DRIVER,VEH_171B5FC4,VEH_02F4D4,personal_transport,2025-06-30 15:10:46,2025-06-30 16:23:10,Zone_India,Zone_India,20.91,completed,UberGo,429.95
TRIP_BA206C41,DRIVER_9F89DDC4,ANON,DRIVER,VEH_D8D19E55,VEH_018C70,personal_transport,2025-06-30 15:08:41,2025-06-30 16:35:40,Zone_India,Zone_India,25.52,completed,UberGo,461.55
TRIP_87D99C09,DRIVER_C4BF3CD3,ANON,DRIVER,VEH_3792F908,VEH_495A70,personal_transport,2025-06-30 15:07:21,2025-06-30 15:50:11,Zone_India,Zone_India,11.82,completed,UberGo,229.97
TRIP_EFC7D792,DRIVER_227504CD,ANON,DRIVER,VEH_8C88662C,VEH_69098E,personal_transport,2025-06-30 15:07:00,2025-06-30 16:07:58,Zone_India,Zone_India,15.07,completed,UberGo,289.92
TRIP_091DB5CA,DRIVER_4DA4937B,ANON,DRIVER,VEH_347724A3,VEH_1BAC82,personal_transport,2025-06-30 15:05:42,2025-06-30 16:25:13,Zone_India,Zone_India,24.79,completed,UberGo,479.92
TRIP_E54336AF,DRIVER_C4BF3CD3,ANON,DRIVER,VEH_3792F908,VEH_495A70,personal_transport,2025-06-30 15:01:52,,Zone_PIN_600071,Zone_PIN_600071,0.0,rider_cancelled,UberGo,0.0
TRIP_2AB355AC,DRIVER_4022EEA9,ANON,DRIVER,VEH_BF394125,VEH_861A16,personal_transport,2025-06-30 14:58:42,,Zone_India,Zone_India,0.0,rider_cancelled,UberGo,0.0
TRIP_BC1A0079,DRIVER_049F569A,ANON,DRIVER,VEH_2815A2B0,VEH_6F388D,personal_transport,2025-06-30 14:58:19,2025-06-30 15:17:05,Zone_India,Zone_India,1.13,completed,UberGo,109.98
TRIP_DFE59937,DRIVER_0F2B42FC,ANON,DRIVER,VEH_65EE8410,VEH_B8EDFE,personal_transport,2025-06-30 14:49:29,2025-06-30 15:54:44,Zone_India,Zone_India,23.0,completed,UberGo,439.93
TRIP_9568B9D5,DRIVER_381FACA9,ANON,DRIVER,VEH_171B5FC4,VEH_02F4D4,personal_transport,2025-06-30 14:48:52,2025-06-30 15:15:16,Zone_India,Zone_India,6.95,completed,UberGo,133.79
TRIP_BE134EAF,DRIVER_5AA8FDB7,ANON,DRIVER,VEH_1FA023BA,VEH_24FFE3,personal_transport,2025-06-30 14:46:36,2025-06-30 16:01:26,Zone_India,Zone_India,19.27,completed,UberGo,379.92
TRIP_46E6F383,DRIVER_C0FAA4A1,ANON,DRIVER,VEH_71BF26EC,VEH_AF54F2,personal_transport,2025-06-30 14:38:08,2025-06-30 15:07:52,Zone_India,Zone_India,7.54,completed,UberGo,142.43
TRIP_FB677AE5,DRIVER_8AE7BC26,ANON,DRIVER,VEH_B6363F45,VEH_AEF686,personal_transport,2025-06-30 14:37:07,2025-06-30 15:33:35,Zone_India,Zone_India,11.63,completed,UberGo,299.92
TRIP_9D01FE2D,DRIVER_049F569A,ANON,DRIVER,VEH_2815A2B0,VEH_6F388D,personal_transport,2025-06-30 14:32:30,2025-06-30 14:46:53,Zone_India,Zone_India,3.27,completed,UberGo,129.9
TRIP_CE047CEA,DRIVER_76DD6C42,ANON,DRIVER,VEH_7FD9BBD5,VEH_1078A8,personal_transport,2025-06-30 14:29:57,2025-06-30 15:03:13,Zone_India,Zone_India,7.81,completed,UberGo,199.95
TRIP_DB9FA8E3,DRIVER_C0FAA4A1,ANON,DRIVER,VEH_71BF26EC,VEH_AF54F2,personal_transport,2025-06-30 14:25:06,,Zone_India,Zone_India,0.0,rider_cancelled,UberX+,0.0
TRIP_50922B41,DRIVER_381FACA9,ANON,DRIVER,VEH_171B5FC4,VEH_02F4D4,personal_transport,2025-06-30 14:23:32,2025-06-30 14:55:51,Zone_India,Zone_India,16.3,completed,UberGo,309.96
TRIP_427B5ED5,DRIVER_A1423F2E,ANON,DRIVER,VEH_FD689D5A,VEH_CEFAB8,personal_transport,2025-06-30 14:18:17,2025-06-30 14:48:05,Zone_India,Zone_India,6.78,completed,UberGo,179.97
TRIP_5B3355F4,DRIVER_C4BF3CD3,ANON,DRIVER,VEH_3792F908,VEH_495A70,personal_transport,2025-06-30 14:15:25,2025-06-30 14:45:52,Zone_India,Zone_Avadi,10.23,completed,UberGo,199.98
TRIP_E621E9C9,DRIVER_08CE6127,ANON,DRIVER,VEH_BA48A968,VEH_26473B,personal_transport,2025-06-30 14:10:27,2025-06-30 14:28:11,Zone_India,Zone_India,2.74,completed,UberGo,119.94
TRIP_8E53113A,DRIVER_E33924B4,ANON,DRIVER,VEH_B0A9CF7E,VEH_26BCB3,personal_transport,2025-06-30 14:09:41,2025-06-30 15:22:18,Zone_India,Zone_Avadi,25.18,completed,UberX+,368.69
TRIP_9A779E27,DRIVER_4DA4937B,ANON,DRIVER,VEH_347724A3,VEH_1BAC82,personal_transport,2025-06-30 14:09:22,2025-06-30 15:04:19,Zone_India,Zone_India,18.45,completed,UberGo,279.96
TRIP_DF8120EC,DRIVER_C2ACE8F5,ANON,DRIVER,VEH_5A7291CC,VEH_773AF9,personal_transport,2025-06-30 14:06:36,2025-06-30 14:36:11,Zone_India,Zone_India,4.69,completed,UberGo,139.94
TRIP_DF5CDAC4,DRIVER_C0FAA4A1,ANON,DRIVER,VEH_71BF26EC,VEH_AF54F2,personal_transport,2025-06-30 13:59:29,2025-06-30 14:19:16,Zone_India,Zone_India,3.63,completed,UberGo,129.92
TRIP_36F8C972,DRIVER_0F2B42FC,ANON,DRIVER,VEH_65EE8410,VEH_B8EDFE,personal_transport,2025-06-30 13:46:42,2025-06-30 14:18:08,Zone_India,Zone_India,5.57,completed,UberGo,171.65
TRIP_9FCFED31,DRIVER_049F569A,ANON,DRIVER,VEH_2815A2B0,VEH_6F388D,personal_transport,2025-06-30 13:43:48,2025-06-30 14:32:03,Zone_India_Metro,Zone_India,12.12,completed,UberGo,219.95
TRIP_C90ECDF5,DRIVER_D564BA74,ANON,DRIVER,VEH_EA0B1187,VEH_5E5D79,personal_transport,2025-06-30 13:41:11,2025-06-30 14:42:22,Zone_Kelambakkam,Zone_India,28.14,completed,UberGo,459.96
TRIP_61C5D0AE,DRIVER_4467B371,ANON,DRIVER,VEH_5323C551,VEH_BCC0F7,personal_transport,2025-06-30 13:35:52,2025-06-30 13:57:38,Zone_India_Metro,Zone_India,2.79,completed,UberGo,119.9
TRIP_D0D5A1E1,DRIVER_227504CD,ANON,DRIVER,VEH_8C88662C,VEH_69098E,personal_transport,2025-06-30 13:33:12,2025-06-30 14:44:38,Zone_India,Zone_India,19.94,completed,UberGo,309.98
TRIP_414209E0,DRIVER_C0FAA4A1,ANON,DRIVER,VEH_71BF26EC,VEH_AF54F2,personal_transport,2025-06-30 13:33:06,2025-06-30 14:00:23,Zone_India,Zone_India,5.95,completed,UberX+,198.64
TRIP_62A81CDA,DRIVER_381FACA9,ANON,DRIVER,VEH_171B5FC4,VEH_02F4D4,personal_transport,2025-06-30 13:30:28,2025-06-30 13:56:55,Zone_India,Zone_India,4.82,completed,UberGo,139.93
TRIP_E66A7C9F,DRIVER_8AE7BC26,ANON,DRIVER,VEH_B6363F45,VEH_AEF686,personal_transport,2025-06-30 13:30:06,2025-06-30 14:47:03,Zone_PIN_600048,Zone_India,43.7,completed,UberGo,739.95
TRIP_25DF4366,DRIVER_C4BF3CD3,ANON,DRIVER,VEH_3792F908,VEH_495A70,personal_transport,2025-06-30 13:26:29,2025-06-30 13:46:52,Zone_India,Zone_India,4.17,completed,UberGo,139.92
TRIP_7AB50B81,DRIVER_DED6E08E,ANON,DRIVER,VEH_64CF6C0F,VEH_FD00AF,personal_transport,2025-06-30 13:24:58,2025-06-30 14:25:25,Zone_India,Zone_India,13.63,completed,UberGo,225.39
TRIP_0C8E6250,DRIVER_E33924B4,ANON,DRIVER,VEH_B0A9CF7E,VEH_26BCB3,personal_transport,2025-06-30 13:23:54,,Zone_India,Zone_India,0.0,rider_cancelled,UberGo,0.0
TRIP_9D2995F7,DRIVER_A1423F2E,ANON,DRIVER,VEH_FD689D5A,VEH_CEFAB8,personal_transport,2025-06-30 13:19:15,2025-06-30 14:16:13,Zone_India,Zone_India,14.67,completed,UberGo,259.94
TRIP_C367ED5A,DRIVER_531BE79B,ANON,DRIVER,VEH_98D071DF,VEH_4D36B7,personal_transport,2025-06-30 13:18:27,2025-06-30 14:41:48,Zone_India,Zone_India,41.62,completed,UberX+,801.55
TRIP_FEE04F60,DRIVER_5332CF96,ANON,DRIVER,VEH_3A986979,VEH_08578E,personal_transport,2025-06-30 13:11:30,2025-06-30 14:02:11,Zone_India,Zone_India,13.81,completed,UberGo,249.98
TRIP_2A96CF80,DRIVER_4467B371,ANON,DRIVER,VEH_5323C551,VEH_BCC0F7,personal_transport,2025-06-30 13:10:48,2025-06-30 13:43:22,Zone_Tambaram,Zone_India_Metro,12.27,completed,UberGo,192.89
TRIP_083AC7BB,DRIVER_0F2B42FC,ANON,DRIVER,VEH_65EE8410,VEH_B8EDFE,personal_transport,2025-06-30 13:08:50,2025-06-30 13:48:06,Zone_India,Zone_India,8.44,completed,UberGo,225.9
TRIP_4A9D6A74,DRIVER_2837996E,ANON,DRIVER,VEH_F076B161,VEH_EDA8C2,personal_transport,2025-06-30 13:06:20,2025-06-30 15:07:58,Zone_India,Zone_India,36.79,completed,UberGo,600.9
TRIP_66BEE7FB,DRIVER_C4BF3CD3,ANON,DRIVER,VEH_3792F908,VEH_495A70,personal_transport,2025-06-30 12:59:28,2025-06-30 13:18:24,Zone_India,Zone_India,2.77,completed,UberGo,129.91
TRIP_AB2B0F54,DRIVER_CBCDF839,ANON,DRIVER,VEH_C2CB32D6,VEH_4DAA31,personal_transport,2025-06-30 12:50:48,2025-06-30 14:29:20,Zone_India,Zone_India,20.94,completed,UberGo,425.91
TRIP_724C573E,DRIVER_5AA8FDB7,ANON,DRIVER,VEH_1FA023BA,VEH_24FFE3,personal_transport,2025-06-30 12:43:54,2025-06-30 14:03:52,Zone_India,Zone_India,25.56,completed,UberGo,379.94
TRIP_26B22A14,DRIVER_C4BF3CD3,ANON,DRIVER,VEH_3792F908,VEH_495A70,personal_transport,2025-06-30 12:42:19,2025-06-30 13:00:09,Zone_India,Zone_India,1.92,completed,UberGo,109.92
TRIP_782A573B,DRIVER_5AA8FDB7,ANON,DRIVER,VEH_1FA023BA,VEH_24FFE3,personal_transport,2025-06-30 12:37:12,,Zone_India,Zone_India,0.0,rider_cancelled,UberGo,0.0
TRIP_E5584F21,DRIVER_5351FC57,ANON,DRIVER,VEH_B0E41790,VEH_BFE633,personal_transport,2025-06-30 12:35:51,2025-06-30 13:30:03,Zone_India,Zone_India_Metro,33.02,completed,Intercity,604.33
TRIP_4624E46B,DRIVER_F93E6661,ANON,DRIVER,VEH_B9F9CD1E,VEH_1410DD,personal_transport,2025-06-30 12:35:26,2025-06-30 13:30:56,Zone_India,Zone_India,15.66,completed,UberGo,259.96
TRIP_B1D9D0DD,DRIVER_5AA8FDB7,ANON,DRIVER,VEH_1FA023BA,VEH_24FFE3,personal_transport,2025-06-30 12:34:43,,Zone_India,Zone_India,0.0,rider_cancelled,UberGo,0.0
TRIP_BD3CB7DE,DRIVER_C2ACE8F5,ANON,DRIVER,VEH_5A7291CC,VEH_773AF9,personal_transport,2025-06-30 12:31:07,2025-06-30 14:13:09,Zone_India,Zone_India,27.07,completed,UberGo,499.94
TRIP_83F722E4,DRIVER_08CE6127,ANON,DRIVER,VEH_BA48A968,VEH_26473B,personal_transport,2025-06-30 12:30:38,2025-06-30 14:00:05,Zone_India,Zone_India,28.46,completed,UberGo,471.97
TRIP_C6847B55,DRIVER_5332CF96,ANON,DRIVER,VEH_3A986979,VEH_08578E,personal_transport,2025-06-30 12:28:17,2025-06-30 13:12:52,Zone_India,Zone_India,7.51,completed,UberGo,209.96
TRIP_94568067,DRIVER_E33924B4,ANON,DRIVER,VEH_B0A9CF7E,VEH_26BCB3,personal_transport,2025-06-30 12:28:07,2025-06-30 14:10:36,Zone_India,Zone_India,18.06,completed,UberX+,431.96
TRIP_47D763CD,DRIVER_8AE7BC26,ANON,DRIVER,VEH_B6363F45,VEH_AEF686,personal_transport,2025-06-30 12:25:57,2025-06-30 13:29:54,Zone_India_Metro,Zone_PIN_600048,21.04,completed,UberGo,379.96
TRIP_F94FE3F5,DRIVER_C4BF3CD3,ANON,DRIVER,VEH_3792F908,VEH_495A70,personal_transport,2025-06-30 12:24:54,2025-06-30 12:40:02,Zone_India,Zone_India,4.13,completed,UberGo,139.96
TRIP_8E3D3F22,DRIVER_48783C54,ANON,DRIVER,VEH_FC56B5EC,VEH_98B383,personal_transport,2025-06-30 12:23:25,2025-06-30 13:37:46,Zone_India,Zone_India,22.68,completed,UberGo,350.59
TRIP_A1E45C4F,DRIVER_DED6E08E,ANON,DRIVER,VEH_64CF6C0F,VEH_FD00AF,personal_transport,2025-06-30 12:20:26,2025-06-30 13:36:52,Zone_India,Zone_India,22.37,completed,UberGo,339.93
TRIP_9FA343F5,DRIVER_C4BF3CD3,ANON,DRIVER,VEH_3792F908,VEH_495A70,personal_transport,2025-06-30 12:19:18,,Zone_India,Zone_India,0.0,rider_cancelled,UberGo,0.0
TRIP_C8A6CE67,DRIVER_D429B594,ANON,DRIVER,VEH_71082EF0,VEH_5F413F,personal_transport,2025-06-30 12:14:26,2025-06-30 13:56:35,Zone_India,Zone_India,27.35,completed,UberGo,399.99
TRIP_05DE6CD7,DRIVER_D564BA74,ANON,DRIVER,VEH_EA0B1187,VEH_5E5D79,personal_transport,2025-06-30 12:13:52,2025-06-30 13:35:49,Zone_India,Zone_Kelambakkam,32.03,completed,UberGo,439.94
TRIP_67414411,DRIVER_381FACA9,ANON,DRIVER,VEH_171B5FC4,VEH_02F4D4,personal_transport,2025-06-30 12:13:43,2025-06-30 13:33:25,Zone_India,Zone_India,24.06,completed,UberGo,399.9
TRIP_ABAA2574,DRIVER_227504CD,ANON,DRIVER,VEH_8C88662C,VEH_69098E,personal_transport,2025-06-30 12:10:01,2025-06-30 12:58:44,Zone_India,Zone_India,10.47,completed,UberGo,209.9
TRIP_7F4F2BA5,DRIVER_8AE7BC26,ANON,DRIVER,VEH_B6363F45,VEH_AEF686,personal_transport,2025-06-30 12:08:11,,Zone_India_Metro,Zone_India_Metro,0.0,rider_cancelled,UberGo,0.0
TRIP_1D188BAA,DRIVER_F93E6661,ANON,DRIVER,VEH_B9F9CD1E,VEH_1410DD,personal_transport,2025-06-30 12:07:41,2025-06-30 12:33:58,Zone_India,Zone_India,4.77,completed,UberGo,139.98
TRIP_3DC46CDE,DRIVER_CBCDF839,ANON,DRIVER,VEH_C2CB32D6,VEH_4DAA31,personal_transport,2025-06-30 12:06:57,2025-06-30 12:50:48,Zone_India,Zone_India,14.59,completed,UberGo,240.97
TRIP_FA5BB4A9,DRIVER_9ED6169B,ANON,DRIVER,VEH_6EF8F5C0,VEH_A899D9,personal_transport,2025-06-30 12:04:38,2025-06-30 13:30:07,Zone_India_Metro,Zone_India,55.55,completed,UberGo,839.98
TRIP_04B4A8CB,DRIVER_DED6E08E,ANON,DRIVER,VEH_64CF6C0F,VEH_FD00AF,personal_transport,2025-06-30 12:03:06,2025-06-30 12:23:24,Zone_India,Zone_India,1.19,completed,UberGo,89.92
TRIP_4A3558D7,DRIVER_DED6E08E,ANON,DRIVER,VEH_64CF6C0F,VEH_FD00AF,personal_transport,2025-06-30 12:02:08,,Zone_India,Zone_India,0.0,rider_cancelled,UberGo,0.0
TRIP_13459A6B,DRIVER_2837996E,ANON,DRIVER,VEH_F076B161,VEH_EDA8C2,personal_transport,2025-06-30 12:01:23,,Zone_India,Zone_India,0.0,rider_cancelled,UberGo,0.0
TRIP_34BD1BB8,DRIVER_531BE79B,ANON,DRIVER,VEH_98D071DF,VEH_4D36B7,personal_transport,2025-06-30 11:59:23,2025-06-30 13:31:54,Zone_India,Zone_India,23.4,completed,UberGo,349.95
TRIP_F54A8780,DRIVER_531BE79B,ANON,DRIVER,VEH_98D071DF,VEH_4D36B7,personal_transport,2025-06-30 11:57:17,,Zone_India,Zone_India,0.0,rider_cancelled,UberX+,0.0
TRIP_9A02B83B,DRIVER_5351FC57,ANON,DRIVER,VEH_B0E41790,VEH_BFE633,personal_transport,2025-06-30 11:55:33,2025-06-30 12:24:15,Zone_India,Zone_India,7.75,completed,UberGo,189.93
TRIP_52D221E9,DRIVER_531BE79B,ANON,DRIVER,VEH_98D071DF,VEH_4D36B7,personal_transport,2025-06-30 11:54:52,,Zone_India,Zone_India,0.0,rider_cancelled,UberGo,0.0
TRIP_69F0759E,DRIVER_531BE79B,ANON,DRIVER,VEH_98D071DF,VEH_4D36B7,personal_transport,2025-06-30 11:54:42,,Zone_India,Zone_India,0.0,rider_cancelled,UberGo,0.0
TRIP_A592D0FA,DRIVER_5332CF96,ANON,DRIVER,VEH_3A986979,VEH_08578E,personal_transport,2025-06-30 11:51:36,2025-06-30 12:34:01,Zone_India,Zone_India,10.39,completed,UberGo,189.9
TRIP_D48CB7D4,DRIVER_C0FAA4A1,ANON,DRIVER,VEH_71BF26EC,VEH_AF54F2,personal_transport,2025-06-30 11:51:01,,Zone_India,Zone_India,0.0,rider_cancelled,UberX+,0.0
TRIP_84C562AB,DRIVER_531BE79B,ANON,DRIVER,VEH_98D071DF,VEH_4D36B7,personal_transport,2025-06-30 11:50:11,,Zone_India,Zone_India,0.0,rider_cancelled,UberGo,0.0
TRIP_C2554BBE,DRIVER_5332CF96,ANON,DRIVER,VEH_3A986979,VEH_08578E,personal_transport,2025-06-30 11:49:07,,Zone_India,Zone_India,0.0,rider_cancelled,UberGo,0.0
TRIP_B19CFBEA,DRIVER_A1423F2E,ANON,DRIVER,VEH_FD689D5A,VEH_CEFAB8,personal_transport,2025-06-30 11:47:28,2025-06-30 13:19:06,Zone_India,Zone_India,32.43,completed,UberX+,564.23
TRIP_10B9CA22,DRIVER_381FACA9,ANON,DRIVER,VEH_171B5FC4,VEH_02F4D4,personal_transport,2025-06-30 11:45:56,2025-06-30 12:17:38,Zone_India,Zone_India,7.36,completed,UberGo,179.97
TRIP_A3C5618F,DRIVER_76DD6C42,ANON,DRIVER,VEH_7FD9BBD5,VEH_1078A8,personal_transport,2025-06-30 11:45:32,2025-06-30 14:02:23,Zone_India_Metro,Zone_India,42.65,completed,UberGo,288.89
TRIP_4C70A1AC,DRIVER_C4BF3CD3,ANON,DRIVER,VEH_3792F908,VEH_495A70,personal_transport,2025-06-30 11:44:48,,Zone_India,Zone_India,0.0,rider_cancelled,UberGo,0.0
TRIP_15884497,DRIVER_C2ACE8F5,ANON,DRIVER,VEH_5A7291CC,VEH_773AF9,personal_transport,2025-06-30 11:44:46,2025-06-30 12:39:56,Zone_India,Zone_India,16.44,completed,UberGo,164.98
TRIP_A5CA3A5B,DRIVER_4467B371,ANON,DRIVER,VEH_5323C551,VEH_BCC0F7,personal_transport,2025-06-30 11:38:19,2025-06-30 12:41:16,Zone_India,Zone_India,19.05,completed,UberGo,279.97
TRIP_6AEBD6E8,DRIVER_F93E6661,ANON,DRIVER,VEH_B9F9CD1E,VEH_1410DD,personal_transport,2025-06-30 11:37:46,2025-06-30 12:14:42,Zone_India,Zone_India,7.08,completed,UberGo,140.8
TRIP_69F69A29,DRIVER_227504CD,ANON,DRIVER,VEH_8C88662C,VEH_69098E,personal_transport,2025-06-30 11:36:42,2025-06-30 12:18:15,Zone_India,Zone_India,8.95,completed,UberGo,189.91
TRIP_F4ADBD32,DRIVER_D564BA74,ANON,DRIVER,VEH_EA0B1187,VEH_5E5D79,personal_transport,2025-06-30 11:35:36,2025-06-30 12:11:16,Zone_India,Zone_India,8.34,completed,UberGo,189.94
TRIP_A3F88C2A,DRIVER_049F569A,ANON,DRIVER,VEH_2815A2B0,VEH_6F388D,personal_transport,2025-06-30 11:33:08,2025-06-30 12:58:50,Zone_India,Zone_PIN_600048,30.81,completed,UberGo,409.98
TRIP_63175B5A,DRIVER_D429B594,ANON,DRIVER,VEH_71082EF0,VEH_5F413F,personal_transport,2025-06-30 11:33:07,2025-06-30 12:01:11,Zone_India,Zone_India,6.01,completed,UberGo,112.48
TRIP_344FDEAC,DRIVER_5351FC57,ANON,DRIVER,VEH_B0E41790,VEH_BFE633,personal_transport,2025-06-30 11:32:15,2025-06-30 11:57:49,Zone_India,Zone_India,6.28,completed,UberGo,199.97
TRIP_F489507C,DRIVER_CBCDF839,ANON,DRIVER,VEH_C2CB32D6,VEH_4DAA31,personal_transport,2025-06-30 11:28:08,2025-06-30 12:01:25,Zone_India,Zone_India,7.16,completed,UberGo,169.92
TRIP_7F389B26,DRIVER_F93E6661,ANON,DRIVER,VEH_B9F9CD1E,VEH_1410DD,personal_transport,2025-06-30 11:17:54,2025-06-30 11:47:05,Zone_India,Zone_India,4.95,completed,UberGo,104.95
TRIP_5D4BEF88,DRIVER_0F2B42FC,ANON,DRIVER,VEH_65EE8410,VEH_B8EDFE,personal_transport,2025-06-30 11:16:47,2025-06-30 12:36:33,Zone_India,Zone_India,34.24,completed,UberGo,609.98
TRIP_0C98F0EB,DRIVER_531BE79B,ANON,DRIVER,VEH_98D071DF,VEH_4D36B7,personal_transport,2025-06-30 11:16:36,2025-06-30 12:04:53,Zone_India,Zone_India,7.1,completed,UberGo,159.94
TRIP_4E095042,DRIVER_48783C54,ANON,DRIVER,VEH_FC56B5EC,VEH_98B383,personal_transport,2025-06-30 11:14:21,2025-06-30 12:31:15,Zone_India,Zone_India,13.1,completed,UberGo,249.94
TRIP_AE06D6F4,DRIVER_381FACA9,ANON,DRIVER,VEH_171B5FC4,VEH_02F4D4,personal_transport,2025-06-30 11:12:50,2025-06-30 11:49:59,Zone_India,Zone_India,3.46,completed,UberGo,109.97
TRIP_52D670D8,DRIVER_08CE6127,ANON,DRIVER,VEH_BA48A968,VEH_26473B,personal_transport,2025-06-30 11:12:24,2025-06-30 12:22:37,Zone_India,Zone_India,23.87,completed,UberGo,265.44
TRIP_4DA69A0E,DRIVER_E33924B4,ANON,DRIVER,VEH_B0A9CF7E,VEH_26BCB3,personal_transport,2025-06-30 11:04:27,2025-06-30 11:49:59,Zone_India,Zone_India,10.63,completed,UberGo,199.93
TRIP_E93EB69D,DRIVER_A1423F2E,ANON,DRIVER,VEH_FD689D5A,VEH_CEFAB8,personal_transport,2025-06-30 11:03:57,2025-06-30 11:43:05,Zone_India,Zone_India,15.42,completed,UberGo,224.93
TRIP_FDB45F4F,DRIVER_4467B371,ANON,DRIVER,VEH_5323C551,VEH_BCC0F7,personal_transport,2025-06-30 11:03:00,2025-06-30 11:47:27,Zone_India,Zone_India,11.04,completed,UberGo,199.92
TRIP_D3149E61,DRIVER_C2ACE8F5,ANON,DRIVER,VEH_5A7291CC,VEH_773AF9,personal_transport,2025-06-30 11:02:38,2025-06-30 11:48:00,Zone_India,Zone_India,14.72,completed,UberGo,287.17
TRIP_406AC853,DRIVER_5AA8FDB7,ANON,DRIVER,VEH_1FA023BA,VEH_24FFE3,personal_transport,2025-06-30 11:00:05,2025-06-30 12:27:17,Zone_India,Zone_India,19.52,completed,UberGo,256.14
TRIP_C998D0EC,DRIVER_F93E6661,ANON,DRIVER,VEH_B9F9CD1E,VEH_1410DD,personal_transport,2025-06-30 10:59:26,2025-06-30 11:20:28,Zone_India,Zone_India,2.2,completed,UberGo,109.98
TRIP_F236C95D,DRIVER_CBCDF839,ANON,DRIVER,VEH_C2CB32D6,VEH_4DAA31,personal_transport,2025-06-30 10:57:52,2025-06-30 11:16:39,Zone_India,Zone_India,2.76,completed,UberGo,109.98
TRIP_EDD4E42A,DRIVER_531BE79B,ANON,DRIVER,VEH_98D071DF,VEH_4D36B7,personal_transport,2025-06-30 10:57:12,2025-06-30 11:28:38,Zone_India,Zone_India,3.97,completed,UberGo,139.93
TRIP_663AC6BD,DRIVER_18A49A3E,ANON,DRIVER,VEH_B9221BB0,VEH_4C0964,personal_transport,2025-06-30 10:56:22,2025-06-30 12:00:01,Zone_India,Zone_PIN_600069,19.06,completed,UberGo,269.92
TRIP_CA522C18,DRIVER_049F569A,ANON,DRIVER,VEH_2815A2B0,VEH_6F388D,personal_transport,2025-06-30 10:54:07,2025-06-30 11:32:45,Zone_India,Zone_India,8.29,completed,UberGo,169.2
TRIP_C860D73B,DRIVER_DED6E08E,ANON,DRIVER,VEH_64CF6C0F,VEH_FD00AF,personal_transport,2025-06-30 10:46:45,2025-06-30 12:07:23,Zone_India,Zone_India,17.17,completed,UberGo,260.09
TRIP_308861C3,DRIVER_381FACA9,ANON,DRIVER,VEH_171B5FC4,VEH_02F4D4,personal_transport,2025-06-30 10:44:14,2025-06-30 11:21:17,Zone_India,Zone_India,3.84,completed,UberGo,139.98
TRIP_8BAAF437,DRIVER_2837996E,ANON,DRIVER,VEH_F076B161,VEH_EDA8C2,personal_transport,2025-06-30 10:43:41,2025-06-30 12:05:29,Zone_India,Zone_India,28.24,completed,UberGo,399.98
TRIP_D5C2F873,DRIVER_C8D03F85,ANON,DRIVER,VEH_F96FFAAF,VEH_07FDC4,personal_transport,2025-06-30 10:42:59,2025-06-30 14:16:40,Zone_India,Zone_India,64.61,completed,UberGo,840.11
TRIP_A3D57581,DRIVER_531BE79B,ANON,DRIVER,VEH_98D071DF,VEH_4D36B7,personal_transport,2025-06-30 10:41:47,,Zone_India,Zone_India,0.0,rider_cancelled,UberGo,0.0
TRIP_5FDB8FAE,DRIVER_F93E6661,ANON,DRIVER,VEH_B9F9CD1E,VEH_1410DD,personal_transport,2025-06-30 10:41:29,2025-06-30 11:03:01,Zone_India,Zone_India,4.31,completed,UberGo,119.99
TRIP_FB065E6D,DRIVER_5332CF96,ANON,DRIVER,VEH_3A986979,VEH_08578E,personal_transport,2025-06-30 10:38:36,2025-06-30 11:46:59,Zone_India,Zone_India,12.5,completed,UberGo,199.91
TRIP_6CCFD453,DRIVER_049F569A,ANON,DRIVER,VEH_2815A2B0,VEH_6F388D,personal_transport,2025-06-30 10:32:19,2025-06-30 10:50:53,Zone_India,Zone_India,2.67,completed,UberGo,99.95
TRIP_B3763922,DRIVER_D564BA74,ANON,DRIVER,VEH_EA0B1187,VEH_5E5D79,personal_transport,2025-06-30 10:31:22,2025-06-30 11:43:09,Zone_India,Zone_India,21.5,completed,UberGo,299.92
TRIP_AD3EDB2E,DRIVER_0F2B42FC,ANON,DRIVER,VEH_65EE8410,VEH_B8EDFE,personal_transport,2025-06-30 10:27:12,2025-06-30 11:07:55,Zone_India,Zone_India_Metro,15.89,completed,UberGo,249.92
TRIP_1C249B00,DRIVER_48783C54,ANON,DRIVER,VEH_FC56B5EC,VEH_98B383,personal_transport,2025-06-30 10:26:06,2025-06-30 11:25:50,Zone_India,Zone_India,14.37,completed,UberGo,229.92
TRIP_1740EEB6,DRIVER_5351FC57,ANON,DRIVER,VEH_B0E41790,VEH_BFE633,personal_transport,2025-06-30 10:23:59,2025-06-30 11:18:53,Zone_India_Metro,Zone_India,30.32,completed,UberGo,519.97
TRIP_F8EBE82B,DRIVER_DED6E08E,ANON,DRIVER,VEH_64CF6C0F,VEH_FD00AF,personal_transport,2025-06-30 10:22:37,2025-06-30 10:46:21,Zone_India,Zone_India,2.0,completed,UberGo,99.92
TRIP_B1D0C8A7,DRIVER_227504CD,ANON,DRIVER,VEH_8C88662C,VEH_69098E,personal_transport,2025-06-30 10:22:30,2025-06-30 11:40:56,Zone_India,Zone_India,18.66,completed,UberGo,269.91
TRIP_9C9EF20A,DRIVER_049F569A,ANON,DRIVER,VEH_2815A2B0,VEH_6F388D,personal_transport,2025-06-30 10:19:26,2025-06-30 10:37:56,Zone_India,Zone_India,3.52,completed,UberX+,148.2
TRIP_8DB25AB2,DRIVER_D429B594,ANON,DRIVER,VEH_71082EF0,VEH_5F413F,personal_transport,2025-06-30 10:15:47,2025-06-30 11:34:13,Zone_India,Zone_India,17.13,completed,UberGo,273.37
TRIP_67205022,DRIVER_4467B371,ANON,DRIVER,VEH_5323C551,VEH_BCC0F7,personal_transport,2025-06-30 10:15:18,,Zone_India,Zone_India,0.0,rider_cancelled,UberGo,0.0
TRIP_76139840,DRIVER_5332CF96,ANON,DRIVER,VEH_3A986979,VEH_08578E,personal_transport,2025-06-30 10:13:15,2025-06-30 10:39:38,Zone_India,Zone_India,10.69,completed,UberGo,189.93
TRIP_3D3ACAEA,DRIVER_4467B371,ANON,DRIVER,VEH_5323C551,VEH_BCC0F7,personal_transport,2025-06-30 10:12:26,,Zone_India,Zone_India,0.0,rider_cancelled,UberGo,0.0
TRIP_EBAA5C15,DRIVER_F93E6661,ANON,DRIVER,VEH_B9F9CD1E,VEH_1410DD,personal_transport,2025-06-30 10:11:16,2025-06-30 10:43:05,Zone_India,Zone_India,9.5,completed,UberGo,179.97
TRIP_5AA7E860,DRIVER_4467B371,ANON,DRIVER,VEH_5323C551,VEH_BCC0F7,personal_transport,2025-06-30 10:10:50,2025-06-30 10:57:34,Zone_India,Zone_India,11.88,completed,UberGo,199.91
TRIP_18973DFC,DRIVER_4467B371,ANON,DRIVER,VEH_5323C551,VEH_BCC0F7,personal_transport,2025-06-30 10:08:48,,Zone_India,Zone_India,0.0,rider_cancelled,UberGo,15.8
TRIP_9549A2E4,DRIVER_08CE6127,ANON,DRIVER,VEH_BA48A968,VEH_26473B,personal_transport,2025-06-30 10:07:54,2025-06-30 11:13:43,Zone_Avadi,Zone_India,20.53,completed,UberGo,279.96
TRIP_EF8C1608,DRIVER_4B3B2B6D,ANON,DRIVER,VEH_006FC4AB,VEH_63B2C8,personal_transport,2025-06-30 10:06:46,2025-06-30 11:30:21,Zone_India_Metro,Zone_PIN_600072,57.87,completed,UberGo,909.96
TRIP_D93AD884,DRIVER_2837996E,ANON,DRIVER,VEH_F076B161,VEH_EDA8C2,personal_transport,2025-06-30 10:06:08,2025-06-30 10:40:24,Zone_India,Zone_India,7.14,completed,UberGo,119.95
TRIP_B3934391,DRIVER_62E7816B,ANON,DRIVER,VEH_3792F908,VEH_495A70,personal_transport,2025-06-30 10:03:21,2025-06-30 10:30:15,Zone_India,Zone_India,5.45,completed,UberGo,159.96
TRIP_C8E9697F,DRIVER_18A49A3E,ANON,DRIVER,VEH_B9221BB0,VEH_4C0964,personal_transport,2025-06-30 09:57:21,2025-06-30 10:58:11,Zone_India,Zone_India,19.44,completed,UberGo,279.91
TRIP_811D4060,DRIVER_CBCDF839,ANON,DRIVER,VEH_C2CB32D6,VEH_4DAA31,personal_transport,2025-06-30 09:55:20,2025-06-30 10:55:09,Zone_India,Zone_India,20.68,completed,UberGo,289.96
TRIP_8CB239E1,DRIVER_E33924B4,ANON,DRIVER,VEH_B0A9CF7E,VEH_26BCB3,personal_transport,2025-06-30 09:49:03,2025-06-30 11:07:50,Zone_India,Zone_India,19.68,completed,UberGo,279.95
TRIP_9A7D1C68,DRIVER_381FACA9,ANON,DRIVER,VEH_171B5FC4,VEH_02F4D4,personal_transport,2025-06-30 09:47:54,2025-06-30 10:48:35,Zone_India,Zone_India,18.18,completed,UberGo,265.03
TRIP_ECAC5E6C,DRIVER_531BE79B,ANON,DRIVER,VEH_98D071DF,VEH_4D36B7,personal_transport,2025-06-30 09:46:31,2025-06-30 10:54:19,Zone_India,Zone_India,26.77,completed,UberGo,489.92
TRIP_6C912535,DRIVER_48783C54,ANON,DRIVER,VEH_FC56B5EC,VEH_98B383,personal_transport,2025-06-30 09:41:23,2025-06-30 10:23:20,Zone_India,Zone_India,7.73,completed,UberGo,159.95
TRIP_40DBF6C3,DRIVER_D429B594,ANON,DRIVER,VEH_71082EF0,VEH_5F413F,personal_transport,2025-06-30 09:38:02,2025-06-30 10:03:08,Zone_India,Zone_India,5.73,completed,UberGo,169.98
TRIP_95DEC2BB,DRIVER_B5A19F5F,ANON,DRIVER,VEH_EBA0547C,VEH_0A3DB8,personal_transport,2025-06-30 09:37:57,2025-06-30 16:37:24,Zone_India,Zone_India,188.77,completed,Intercity,2591.3
TRIP_09DC04EC,DRIVER_381FACA9,ANON,DRIVER,VEH_171B5FC4,VEH_02F4D4,personal_transport,2025-06-30 09:33:58,2025-06-30 09:44:12,Zone_India,Zone_India,1.44,completed,UberGo,109.98
TRIP_ECEB05EB,DRIVER_5332CF96,ANON,DRIVER,VEH_3A986979,VEH_08578E,personal_transport,2025-06-30 09:32:51,2025-06-30 10:13:07,Zone_India,Zone_India,8.54,completed,UberGo,199.98
TRIP_905861BF,DRIVER_8003FF9A,ANON,DRIVER,VEH_7FD9BBD5,VEH_1078A8,personal_transport,2025-06-30 09:31:33,,Zone_India,Zone_India,0.0,rider_cancelled,UberGo,0.0
TRIP_5B511DC6,DRIVER_F93E6661,ANON,DRIVER,VEH_B9F9CD1E,VEH_1410DD,personal_transport,2025-06-30 09:28:29,2025-06-30 10:14:34,Zone_India,Zone_India,13.37,completed,UberGo,269.92
TRIP_28234C97,DRIVER_0F2B42FC,ANON,DRIVER,VEH_65EE8410,VEH_B8EDFE,personal_transport,2025-06-30 09:28:07,2025-06-30 10:11:32,Zone_India_Metro,Zone_Porur,23.37,completed,UberGo,234.97
TRIP_E7CE3A3C,DRIVER_049F569A,ANON,DRIVER,VEH_2815A2B0,VEH_6F388D,personal_transport,2025-06-30 09:27:33,2025-06-30 10:15:21,Zone_India,Zone_India,12.2,completed,UberGo,210.9
TRIP_EC8C6EEB,DRIVER_C8D03F85,ANON,DRIVER,VEH_F96FFAAF,VEH_07FDC4,personal_transport,2025-06-30 09:26:11,2025-06-30 10:02:31,Zone_India,Zone_India,7.94,completed,UberGo,169.97
TRIP_DCDBA79C,DRIVER_A1423F2E,ANON,DRIVER,VEH_FD689D5A,VEH_CEFAB8,personal_transport,2025-06-30 09:23:46,2025-06-30 10:03:27,Zone_India,Zone_India,13.29,completed,UberGo,249.96
TRIP_0CC10AB6,DRIVER_9ED6169B,ANON,DRIVER,VEH_6EF8F5C0,VEH_A899D9,personal_transport,2025-06-30 09:20:27,2025-06-30 10:51:53,Zone_India_Metro,Zone_India_Metro,62.69,completed,Intercity,1147.48
TRIP_2BE2A1FC,DRIVER_DED6E08E,ANON,DRIVER,VEH_64CF6C0F,VEH_FD00AF,personal_transport,2025-06-30 09:18:49,2025-06-30 09:59:50,Zone_India_Metro,Zone_India,13.07,completed,UberGo,220.03
TRIP_08B58410,DRIVER_5AA8FDB7,ANON,DRIVER,VEH_1FA023BA,VEH_24FFE3,personal_transport,2025-06-30 09:13:15,2025-06-30 10:08:19,Zone_India,Zone_India,21.92,completed,UberGo,263.17
TRIP_DA993E15,DRIVER_2837996E,ANON,DRIVER,VEH_F076B161,VEH_EDA8C2,personal_transport,2025-06-30 09:13:11,2025-06-30 10:06:29,Zone_India,Zone_India,11.79,completed,UberGo,209.91
TRIP_399A638D,DRIVER_227504CD,ANON,DRIVER,VEH_8C88662C,VEH_69098E,personal_transport,2025-06-30 09:10:16,2025-06-30 10:35:09,Zone_India,Zone_India,26.85,completed,UberGo,412.7
TRIP_872E6190,DRIVER_C8D03F85,ANON,DRIVER,VEH_F96FFAAF,VEH_07FDC4,personal_transport,2025-06-30 09:08:43,2025-06-30 09:32:33,Zone_India,Zone_India,4.57,completed,UberGo,129.94
TRIP_74A7F8E0,DRIVER_381FACA9,ANON,DRIVER,VEH_171B5FC4,VEH_02F4D4,personal_transport,2025-06-30 09:01:38,2025-06-30 09:21:15,Zone_India,Zone_India,7.09,completed,UberGo,179.96
TRIP_E1285EB4,DRIVER_5332CF96,ANON,DRIVER,VEH_3A986979,VEH_08578E,personal_transport,2025-06-30 08:55:27,2025-06-30 09:36:20,Zone_India,Zone_India,11.8,completed,UberGo,219.91
TRIP_821E3DC1,DRIVER_62E7816B,ANON,DRIVER,VEH_3792F908,VEH_495A70,personal_transport,2025-06-30 08:53:32,2025-06-30 09:35:16,Zone_India,Zone_India,6.46,completed,UberGo,161.18
TRIP_9A673759,DRIVER_531BE79B,ANON,DRIVER,VEH_98D071DF,VEH_4D36B7,personal_transport,2025-06-30 08:52:06,2025-06-30 09:40:54,Zone_India,Zone_India,22.39,completed,UberGo,369.94
TRIP_D82F4853,DRIVER_8003FF9A,ANON,DRIVER,VEH_7FD9BBD5,VEH_1078A8,personal_transport,2025-06-30 08:46:16,2025-06-30 09:29:59,Zone_India,Zone_India,15.0,completed,UberGo,219.98
TRIP_F2FDC1D3,DRIVER_C2ACE8F5,ANON,DRIVER,VEH_5A7291CC,VEH_773AF9,personal_transport,2025-06-30 08:42:01,2025-06-30 09:27:04,Zone_India,Zone_India,19.42,completed,UberGo,279.95
TRIP_32559133,DRIVER_4467B371,ANON,DRIVER,VEH_5323C551,VEH_BCC0F7,personal_transport,2025-06-30 08:40:18,2025-06-30 09:42:11,Zone_India,Zone_India,22.52,completed,UberGo,278.67
TRIP_D6CAF598,DRIVER_5351FC57,ANON,DRIVER,VEH_B0E41790,VEH_BFE633,personal_transport,2025-06-30 08:36:16,2025-06-30 09:41:36,Zone_India,Zone_India_Metro,24.8,completed,UberGo,319.96
TRIP_A4492E5F,DRIVER_CBCDF839,ANON,DRIVER,VEH_C2CB32D6,VEH_4DAA31,personal_transport,2025-06-30 08:35:19,2025-06-30 09:34:14,Zone_India,Zone_India_Metro,23.74,completed,UberGo,301.97
TRIP_0D8D7FB2,DRIVER_049F569A,ANON,DRIVER,VEH_2815A2B0,VEH_6F388D,personal_transport,2025-06-30 08:27:48,2025-06-30 09:29:32,Zone_India_Metro,Zone_India,34.21,completed,UberGo,559.38
TRIP_3AB666CE,DRIVER_2837996E,ANON,DRIVER,VEH_F076B161,VEH_EDA8C2,personal_transport,2025-06-30 08:27:30,2025-06-30 09:14:25,Zone_India,Zone_India,20.83,completed,UberGo,339.9
TRIP_E4F4E07B,DRIVER_48783C54,ANON,DRIVER,VEH_FC56B5EC,VEH_98B383,personal_transport,2025-06-30 08:26:15,2025-06-30 09:42:58,Zone_India,Zone_India,21.91,completed,UberGo,283.93
TRIP_4267438A,DRIVER_B5A19F5F,ANON,DRIVER,VEH_EBA0547C,VEH_0A3DB8,personal_transport,2025-06-30 08:25:12,2025-06-30 09:00:01,Zone_India,Zone_India,8.61,completed,UberGo,189.91
TRIP_1D6FB885,DRIVER_DED6E08E,ANON,DRIVER,VEH_64CF6C0F,VEH_FD00AF,personal_transport,2025-06-30 08:22:04,2025-06-30 08:54:40,Zone_India,Zone_India,14.4,completed,UberGo,289.97
TRIP_03A6FE66,DRIVER_5AA8FDB7,ANON,DRIVER,VEH_1FA023BA,VEH_24FFE3,personal_transport,2025-06-30 08:18:44,2025-06-30 08:59:19,Zone_India,Zone_India,18.19,completed,UberGo,249.93
TRIP_AC89EA0E,DRIVER_5332CF96,ANON,DRIVER,VEH_3A986979,VEH_08578E,personal_transport,2025-06-30 08:17:33,2025-06-30 08:58:06,Zone_India,Zone_India,17.64,completed,UberGo,249.93
TRIP_A9E82DF2,DRIVER_227504CD,ANON,DRIVER,VEH_8C88662C,VEH_69098E,personal_transport,2025-06-30 08:15:50,2025-06-30 09:05:15,Zone_India,Zone_India,17.38,completed,UberGo,249.97
TRIP_49B38045,DRIVER_A1423F2E,ANON,DRIVER,VEH_FD689D5A,VEH_CEFAB8,personal_transport,2025-06-30 08:00:11,2025-06-30 09:05:52,Zone_India,Zone_India,20.54,completed,UberGo,332.14
TRIP_AEBD6230,DRIVER_531BE79B,ANON,DRIVER,VEH_98D071DF,VEH_4D36B7,personal_transport,2025-06-30 07:58:54,2025-06-30 08:54:51,Zone_India,Zone_India,24.99,completed,UberGo,329.91
TRIP_217E78A4,DRIVER_9ED6169B,ANON,DRIVER,VEH_6EF8F5C0,VEH_A899D9,personal_transport,2025-06-30 07:58:53,2025-06-30 08:32:39,Zone_India_Metro,Zone_India_Metro,19.3,completed,Intercity,343.81
TRIP_43B8DC15,DRIVER_CBCDF839,ANON,DRIVER,VEH_C2CB32D6,VEH_4DAA31,personal_transport,2025-06-30 07:54:33,2025-06-30 08:35:46,Zone_India,Zone_India,14.99,completed,UberGo,239.95
TRIP_5FE21BBD,DRIVER_2837996E,ANON,DRIVER,VEH_F076B161,VEH_EDA8C2,personal_transport,2025-06-30 07:54:00,2025-06-30 08:15:54,Zone_India,Zone_India,7.43,completed,UberGo,169.96
TRIP_8529FA05,DRIVER_62E7816B,ANON,DRIVER,VEH_3792F908,VEH_495A70,personal_transport,2025-06-30 07:51:54,2025-06-30 08:36:15,Zone_Avadi,Zone_India,17.37,completed,UberGo,319.98
TRIP_351F2333,DRIVER_C2ACE8F5,ANON,DRIVER,VEH_5A7291CC,VEH_773AF9,personal_transport,2025-06-30 07:50:26,2025-06-30 08:39:39,Zone_India,Zone_India,19.34,completed,UberGo,559.97
TRIP_0C9E6388,DRIVER_08CE6127,ANON,DRIVER,VEH_BA48A968,VEH_26473B,personal_transport,2025-06-30 07:49:57,2025-06-30 09:46:40,Zone_India_Metro,Zone_Avadi,53.85,completed,UberGo,842.85
TRIP_A333E94C,DRIVER_B5A19F5F,ANON,DRIVER,VEH_EBA0547C,VEH_0A3DB8,personal_transport,2025-06-30 07:49:47,2025-06-30 08:25:17,Zone_India,Zone_India,11.44,completed,UberGo,199.96
TRIP_1261422B,DRIVER_C8D03F85,ANON,DRIVER,VEH_F96FFAAF,VEH_07FDC4,personal_transport,2025-06-30 07:47:14,2025-06-30 08:30:26,Zone_India,Zone_India,18.49,completed,UberGo,269.9
TRIP_875E61AC,DRIVER_4467B371,ANON,DRIVER,VEH_5323C551,VEH_BCC0F7,personal_transport,2025-06-30 07:43:05,2025-06-30 08:37:33,Zone_India,Zone_India,20.24,completed,UberGo,254.98
TRIP_D37DD3C0,DRIVER_227504CD,ANON,DRIVER,VEH_8C88662C,VEH_69098E,personal_transport,2025-06-30 07:42:26,2025-06-30 08:17:51,Zone_India,Zone_India,6.15,completed,UberGo,189.95
TRIP_E5C2CA02,DRIVER_B5A19F5F,ANON,DRIVER,VEH_EBA0547C,VEH_0A3DB8,personal_transport,2025-06-30 07:41:37,,Zone_India,Zone_India,0.0,rider_cancelled,UberX+,0.0
TRIP_1B3F4088,DRIVER_48783C54,ANON,DRIVER,VEH_FC56B5EC,VEH_98B383,personal_transport,2025-06-30 07:35:50,2025-06-30 08:20:15,Zone_India,Zone_India,13.99,completed,UberGo,219.94
TRIP_B5AFD345,DRIVER_E33924B4,ANON,DRIVER,VEH_B0A9CF7E,VEH_26BCB3,personal_transport,2025-06-30 07:30:00,2025-06-30 07:56:00,Zone_India,Zone_India,9.52,completed,UberGo,299.91
TRIP_87D656C9,DRIVER_4B3B2B6D,ANON,DRIVER,VEH_006FC4AB,VEH_63B2C8,personal_transport,2025-06-30 07:24:47,2025-06-30 08:20:02,Zone_Kelambakkam,Zone_India_Metro,34.12,completed,UberGo,539.95
TRIP_1C33769F,DRIVER_48783C54,ANON,DRIVER,VEH_FC56B5EC,VEH_98B383,personal_transport,2025-06-30 07:21:22,2025-06-30 07:38:46,Zone_India,Zone_India,4.19,completed,UberGo,159.95
TRIP_19130063,DRIVER_227504CD,ANON,DRIVER,VEH_8C88662C,VEH_69098E,personal_transport,2025-06-30 07:21:15,2025-06-30 07:46:48,Zone_India,Zone_India,7.32,completed,UberGo,159.93
TRIP_85FFD5EA,DRIVER_D429B594,ANON,DRIVER,VEH_71082EF0,VEH_5F413F,personal_transport,2025-06-30 07:17:12,2025-06-30 08:04:20,Zone_India,Zone_India,15.93,completed,UberGo,229.97
TRIP_855AAEEC,DRIVER_3A968597,ANON,DRIVER,VEH_65EE8410,VEH_B8EDFE,personal_transport,2025-06-30 07:16:18,2025-06-30 08:32:04,Zone_India,Zone_India_Metro,35.24,completed,UberGo,629.96
TRIP_3D08D215,DRIVER_227504CD,ANON,DRIVER,VEH_8C88662C,VEH_69098E,personal_transport,2025-06-30 07:16:07,,Zone_India,Zone_India,0.0,rider_cancelled,UberGo,0.0
TRIP_924DAE07,DRIVER_C8D03F85,ANON,DRIVER,VEH_F96FFAAF,VEH_07FDC4,personal_transport,2025-06-30 07:15:34,2025-06-30 07:47:24,Zone_India,Zone_India,10.04,completed,UberGo,229.93
TRIP_CA440AD5,DRIVER_62E7816B,ANON,DRIVER,VEH_3792F908,VEH_495A70,personal_transport,2025-06-30 07:15:04,2025-06-30 07:47:36,Zone_India,Zone_India,12.24,completed,UberGo,199.95
TRIP_A21F1400,DRIVER_8003FF9A,ANON,DRIVER,VEH_7FD9BBD5,VEH_1078A8,personal_transport,2025-06-30 07:14:30,2025-06-30 08:21:51,Zone_India,Zone_India,31.52,completed,UberGo,429.96
TRIP_618B62EC,DRIVER_CBCDF839,ANON,DRIVER,VEH_C2CB32D6,VEH_4DAA31,personal_transport,2025-06-30 07:12:40,2025-06-30 07:46:53,Zone_India,Zone_India,14.17,completed,UberGo,244.92
TRIP_340806E4,DRIVER_01919098,ANON,DRIVER,VEH_5F4B7EDF,VEH_298C28,personal_transport,2025-06-30 07:12:16,2025-06-30 08:07:01,Zone_India,Zone_India,23.35,completed,UberGo,270.91
TRIP_51F90938,DRIVER_62E7816B,ANON,DRIVER,VEH_3792F908,VEH_495A70,personal_transport,2025-06-30 07:10:22,,Zone_India,Zone_India,0.0,rider_cancelled,UberGo,0.0
TRIP_EAAA6629,DRIVER_C2ACE8F5,ANON,DRIVER,VEH_5A7291CC,VEH_773AF9,personal_transport,2025-06-30 07:05:05,2025-06-30 07:46:05,Zone_India,Zone_India,11.7,completed,UberGo,339.92
TRIP_7BC35284,DRIVER_33E20FD6,ANON,DRIVER,VEH_F4632C24,VEH_F612D8,personal_transport,2025-06-30 07:04:35,2025-06-30 10:34:27,Zone_India,Zone_India_Metro,141.37,completed,Intercity,2672.84
TRIP_32F084BB,DRIVER_B5A19F5F,ANON,DRIVER,VEH_EBA0547C,VEH_0A3DB8,personal_transport,2025-06-30 06:59:51,2025-06-30 07:33:59,Zone_India,Zone_India,10.6,completed,UberGo,169.93
TRIP_04720EE1,DRIVER_531BE79B,ANON,DRIVER,VEH_98D071DF,VEH_4D36B7,personal_transport,2025-06-30 06:59:17,2025-06-30 07:57:59,Zone_India,Zone_India,17.4,completed,UberGo,279.96
TRIP_460C468D,DRIVER_4467B371,ANON,DRIVER,VEH_5323C551,VEH_BCC0F7,personal_transport,2025-06-30 06:58:16,2025-06-30 07:43:22,Zone_India_Metro,Zone_India,19.75,completed,UberGo,279.92
TRIP_7BD0180F,DRIVER_5AA8FDB7,ANON,DRIVER,VEH_1FA023BA,VEH_24FFE3,personal_transport,2025-06-30 06:56:25,2025-06-30 07:34:42,Zone_PIN_600063,Zone_India,11.33,completed,UberGo,189.9
TRIP_8EE60889,DRIVER_9ED6169B,ANON,DRIVER,VEH_6EF8F5C0,VEH_A899D9,personal_transport,2025-06-30 06:55:13,2025-06-30 07:52:50,Zone_India,Zone_India,27.55,completed,UberGo,499.91
TRIP_844A66C4,DRIVER_01919098,ANON,DRIVER,VEH_5F4B7EDF,VEH_298C28,personal_transport,2025-06-30 06:54:23,,Zone_India,Zone_India,0.0,rider_cancelled,UberGo,0.0
TRIP_32A3B3A2,DRIVER_62E7816B,ANON,DRIVER,VEH_3792F908,VEH_495A70,personal_transport,2025-06-30 06:47:47,2025-06-30 07:12:21,Zone_India,Zone_India,10.24,completed,UberGo,189.91
TRIP_52DC518B,DRIVER_48783C54,ANON,DRIVER,VEH_FC56B5EC,VEH_98B383,personal_transport,2025-06-30 06:44:30,2025-06-30 07:03:34,Zone_India,Zone_India,4.0,completed,UberGo,129.91
TRIP_C7B2BAB5,DRIVER_C2ACE8F5,ANON,DRIVER,VEH_5A7291CC,VEH_773AF9,personal_transport,2025-06-30 06:39:49,2025-06-30 07:01:02,Zone_India_Metro,Zone_India,11.18,completed,UberGo,249.93
TRIP_03DD9731,DRIVER_E33924B4,ANON,DRIVER,VEH_B0A9CF7E,VEH_26BCB3,personal_transport,2025-06-30 06:30:00,2025-06-30 07:16:44,Zone_India,Zone_India,14.23,completed,UberGo,316.77
TRIP_C2715894,DRIVER_B5A19F5F,ANON,DRIVER,VEH_EBA0547C,VEH_0A3DB8,personal_transport,2025-06-30 06:23:33,2025-06-30 07:03:09,Zone_India,Zone_India,13.26,completed,UberGo,209.92
TRIP_980F8FC7,DRIVER_3A968597,ANON,DRIVER,VEH_65EE8410,VEH_B8EDFE,personal_transport,2025-06-30 06:23:26,2025-06-30 07:00:47,Zone_India,Zone_India,19.68,completed,UberGo,289.91
TRIP_7BDD1B00,DRIVER_227504CD,ANON,DRIVER,VEH_8C88662C,VEH_69098E,personal_transport,2025-06-30 06:17:21,2025-06-30 07:21:41,Zone_India_Metro,Zone_India,25.77,completed,UberGo,469.96
TRIP_65B9CE13,DRIVER_9ED6169B,ANON,DRIVER,VEH_6EF8F5C0,VEH_A899D9,personal_transport,2025-06-30 06:07:38,2025-06-30 06:58:29,Zone_India,Zone_India,34.52,completed,UberGo,599.99
TRIP_686F62EE,DRIVER_62E7816B,ANON,DRIVER,VEH_3792F908,VEH_495A70,personal_transport,2025-06-30 06:00:00,2025-06-30 06:29:11,Zone_India,Zone_India,13.71,completed,UberGo,329.96
TRIP_D8F83806,DRIVER_33E20FD6,ANON,DRIVER,VEH_F4632C24,VEH_F612D8,personal_transport,2025-06-30 05:58:57,2025-06-30 06:47:08,Zone_India_Metro,Zone_India,22.91,completed,UberGo,370.75
TRIP_885F99CC,DRIVER_227504CD,ANON,DRIVER,VEH_8C88662C,VEH_69098E,personal_transport,2025-06-30 05:58:01,,Zone_India_Metro,Zone_India_Metro,0.0,rider_cancelled,UberGo,0.0
TRIP_4E74156E,DRIVER_E33924B4,ANON,DRIVER,VEH_B0A9CF7E,VEH_26BCB3,personal_transport,2025-06-30 05:35:00,2025-06-30 06:05:35,Zone_India,Zone_India,5.82,completed,UberGo,251.87
TRIP_4BF7E90A,DRIVER_B5A19F5F,ANON,DRIVER,VEH_EBA0547C,VEH_0A3DB8,personal_transport,2025-06-30 05:34:28,2025-06-30 06:16:40,Zone_India,Zone_India,5.59,completed,UberGo,184.82
TRIP_A7E6F20C,DRIVER_5AA8FDB7,ANON,DRIVER,VEH_1FA023BA,VEH_24FFE3,personal_transport,2025-06-30 05:26:56,2025-06-30 05:49:49,Zone_PIN_600048,Zone_India,3.84,completed,UberGo,123.85
TRIP_4ECE8493,DRIVER_4B3B2B6D,ANON,DRIVER,VEH_006FC4AB,VEH_63B2C8,personal_transport,2025-06-30 05:26:33,2025-06-30 05:57:21,Zone_India_Metro,Zone_India_Metro,13.76,completed,UberGo,249.95
TRIP_01904A9A,DRIVER_4B3B2B6D,ANON,DRIVER,VEH_006FC4AB,VEH_63B2C8,personal_transport,2025-06-30 05:24:25,,Zone_India_Metro,Zone_India_Metro,0.0,rider_cancelled,UberX+,0.0
TRIP_D31DB49F,DRIVER_33E20FD6,ANON,DRIVER,VEH_F4632C24,VEH_F612D8,personal_transport,2025-06-30 05:15:42,2025-06-30 05:43:35,Zone_India_Metro,Zone_India_Metro,7.43,completed,UberGo,199.91
TRIP_717F71BF,DRIVER_08CE6127,ANON,DRIVER,VEH_BA48A968,VEH_26473B,personal_transport,2025-06-30 05:14:03,2025-06-30 06:52:28,Zone_Avadi,Zone_India_Metro,45.99,completed,UberGo,662.52
TRIP_1600FC77,DRIVER_4B3B2B6D,ANON,DRIVER,VEH_006FC4AB,VEH_63B2C8,personal_transport,2025-06-30 05:11:55,,Zone_India_Metro,Zone_India_Metro,0.0,rider_cancelled,UberGo,32.45
TRIP_4B04874F,DRIVER_4B3B2B6D,ANON,DRIVER,VEH_006FC4AB,VEH_63B2C8,personal_transport,2025-06-30 05:11:29,,Zone_India_Metro,Zone_India_Metro,0.0,rider_cancelled,UberGo,0.0
TRIP_30842796,DRIVER_08CE6127,ANON,DRIVER,VEH_BA48A968,VEH_26473B,personal_transport,2025-06-30 05:09:08,,Zone_Avadi,Zone_Avadi,0.0,rider_cancelled,UberGo,0.0
TRIP_F66143E7,DRIVER_C8D03F85,ANON,DRIVER,VEH_F96FFAAF,VEH_07FDC4,personal_transport,2025-06-30 05:06:01,2025-06-30 06:18:42,Zone_India_Metro,Zone_India,38.81,completed,UberGo,589.96
TRIP_4C5F7E60,DRIVER_62E7816B,ANON,DRIVER,VEH_3792F908,VEH_495A70,personal_transport,2025-06-30 04:59:39,2025-06-30 05:29:20,Zone_India,Zone_India,5.14,completed,UberGo,207.65
TRIP_04479712,DRIVER_5AA8FDB7,ANON,DRIVER,VEH_1FA023BA,VEH_24FFE3,personal_transport,2025-06-30 04:28:39,,Zone_PIN_600048,Zone_PIN_600048,0.0,driver_cancelled,UberGo,15.8
TRIP_A3FB96DD,DRIVER_369F8F30,ANON,DRIVER,VEH_B0E41790,VEH_BFE633,personal_transport,2025-06-30 04:22:59,2025-06-30 04:47:15,Zone_India,Zone_India,11.82,completed,UberGo,189.95
TRIP_DA9679E1,DRIVER_3A968597,ANON,DRIVER,VEH_65EE8410,VEH_B8EDFE,personal_transport,2025-06-30 04:22:29,2025-06-30 05:31:03,Zone_India,Zone_India,29.49,completed,UberGo,389.92
TRIP_F95E0C0D,DRIVER_3A968597,ANON,DRIVER,VEH_65EE8410,VEH_B8EDFE,personal_transport,2025-06-30 04:15:00,2025-06-30 04:37:47,Zone_India,Zone_India,24.37,completed,UberGo,569.92
TRIP_995EC3BB,DRIVER_E33924B4,ANON,DRIVER,VEH_B0A9CF7E,VEH_26BCB3,personal_transport,2025-06-30 04:07:54,2025-06-30 05:08:39,Zone_India,Zone_India,21.35,completed,UberGo,289.95
TRIP_E9762877,DRIVER_95C7BDD5,ANON,DRIVER,VEH_171B5FC4,VEH_02F4D4,personal_transport,2025-06-30 04:03:56,,Zone_India,Zone_India,0.0,driver_cancelled,UberGo,0.0
